Breath_num,Max_gap(ms),In_vol(ml),Ex_vol(ml),IE_vol_ratio,Duration(s),In_duration(s),Ex_duration(s),IE_duration_ratio,P_peak,PEEP,Dy_comp,Label
1,100.0,359.115,-383.832,0.9356046395297943,8.58,2.81,5.77,0.4870017331022531,10.18,4.77,74.0988416988417,Normal
2,100.0,359.016,-384.0375,0.9348462064251538,8.57,2.8,5.77,0.4852686308492201,10.18,4.84,74.13851351351352,Normal
3,100.0,359.344,-381.0845,0.9429509728157404,8.57,2.81,5.76,0.48784722222222227,10.18,4.77,73.56843629343629,Normal
4,100.0,359.1845,-383.612,0.9363223778192549,8.58,2.81,5.77,0.4870017331022531,10.24,4.77,73.20839694656489,Normal
5,100.0,359.7395,-382.4795,0.9405458331753729,8.57,2.81,5.76,0.48784722222222227,10.18,4.84,73.83774131274131,Normal
6,100.0,359.5105,-383.4665,0.9375277892592964,8.58,2.81,5.77,0.4870017331022531,10.18,4.84,74.02828185328185,Normal
7,100.0,358.7955,-384.265,0.9337189179342381,8.57,2.8,5.77,0.4852686308492201,10.18,4.77,74.18243243243244,Normal
8,100.0,359.3175,-382.438,0.9395444490348762,8.57,2.81,5.76,0.48784722222222227,10.18,4.77,73.82972972972973,Normal
9,100.0,359.3315,-384.628,0.9342312572147634,8.58,2.81,5.77,0.4870017331022531,10.24,4.84,73.40229007633587,Normal
10,100.0,359.8445,-382.3795,0.9410664013107397,8.57,2.81,5.76,0.48784722222222227,10.18,4.77,73.81843629343629,Normal
11,100.0,359.466,-381.2475,0.9428678220840793,8.58,2.81,5.77,0.4870017331022531,10.18,4.77,73.59990347490348,Normal
12,100.0,359.3425,-383.465,0.9370933461984796,8.57,2.8,5.77,0.4852686308492201,10.18,4.77,74.02799227799228,Normal
13,100.0,359.56,-383.2055,0.938295509850459,8.57,2.81,5.76,0.48784722222222227,10.18,4.77,73.97789575289575,Normal
14,100.0,359.329,-384.9785,0.9333742014164428,8.58,2.81,5.77,0.4870017331022531,10.18,4.77,74.32017374517375,Normal
15,100.0,359.471,-381.7355,0.9416755842723561,8.57,2.81,5.76,0.48784722222222227,10.18,4.77,73.69411196911197,Normal
16,100.0,359.461,-383.376,0.9376199866449648,8.58,2.81,5.77,0.4870017331022531,10.24,4.84,73.16335877862595,Normal
17,100.0,359.3455,-385.0125,0.9333346319924678,8.57,2.8,5.77,0.4852686308492201,10.24,4.84,73.4756679389313,Normal
18,100.0,359.423,-381.8215,0.9413377717074601,8.57,2.81,5.76,0.48784722222222227,10.18,4.77,73.71071428571429,Normal
19,100.0,359.5115,-384.588,0.9347964575077745,8.58,2.81,5.77,0.4870017331022531,10.24,4.84,73.39465648854961,Normal
20,100.0,359.5835,-384.101,0.9361691325979365,8.57,2.81,5.76,0.48784722222222227,10.18,4.77,74.15077220077221,Normal
21,100.0,359.1815,-382.824,0.9382418552650827,8.58,2.81,5.77,0.4870017331022531,10.24,4.84,73.05801526717558,Normal
22,100.0,359.0815,-384.3565,0.9342407374403712,8.57,2.8,5.77,0.4852686308492201,10.18,4.84,74.20009652509653,Normal
23,100.0,359.9475,-381.0745,0.944559397178242,8.57,2.81,5.76,0.48784722222222227,10.18,4.77,73.56650579150579,Normal
24,100.0,359.3545,-383.048,0.9381448278022597,8.58,2.81,5.77,0.4870017331022531,10.24,4.77,73.10076335877862,Normal
25,100.0,359.6085,-383.1415,0.938578827926497,8.57,2.81,5.76,0.48784722222222227,10.18,4.84,73.96554054054054,Normal
26,100.0,359.3885,-382.622,0.9392781910083582,8.58,2.81,5.77,0.4870017331022531,10.18,4.84,73.86525096525097,Normal
27,100.0,358.979,-385.9525,0.930111866097512,8.57,2.8,5.77,0.4852686308492201,10.24,4.84,73.65505725190839,Normal
28,100.0,359.6215,-382.092,0.941190865027271,8.57,2.81,5.76,0.48784722222222227,10.18,4.77,73.76293436293436,Normal
29,100.0,359.4295,-384.582,0.9345978230910443,8.58,2.81,5.77,0.4870017331022531,10.24,4.84,73.39351145038168,Normal
30,100.0,359.8735,-385.7675,0.9328766679411822,8.57,2.81,5.76,0.48784722222222227,10.24,4.84,73.61975190839694,Normal
31,100.0,359.105,-381.755,0.9406687535199277,8.58,2.81,5.77,0.4870017331022531,10.24,4.77,72.85400763358778,Normal
32,100.0,359.2545,-384.942,0.933269167822685,8.57,2.8,5.77,0.4852686308492201,10.24,4.84,73.46221374045801,Normal
33,100.0,359.3515,-381.733,0.9413687053516463,8.57,2.81,5.76,0.48784722222222227,10.24,4.84,72.84980916030534,Normal
34,100.0,359.281,-384.925,0.9333792297200754,8.58,2.81,5.77,0.4870017331022531,10.24,4.84,73.45896946564885,Normal
35,100.0,359.5135,-250.0365,1.4378440747650845,6.22,2.81,3.41,0.8240469208211143,10.24,4.77,47.716889312977095,Bronch
36,100.0,359.91,102.0215,-3.5277858098538055,6.34,2.81,3.53,0.7960339943342777,6.73,1.97,-58.971965317919064,Bronch
37,100.0,359.7855,12.7855,-28.140119666810058,3.27,2.81,0.46,6.108695652173913,5.68,2.04,-18.80220588235295,Bronch
38,100.0,359.881,-45.972,7.828265030888366,8.58,2.81,5.77,0.4870017331022531,7.12,2.04,21.684905660377357,Bronch
39,100.0,359.1005,-150.2425,2.3901392748390102,8.57,2.8,5.77,0.4852686308492201,8.87,2.04,38.82235142118864,Bronch
40,100.0,359.6785,-308.666,1.1652676355672473,8.57,2.81,5.76,0.48784722222222227,11.22,4.71,49.624758842443725,Bronch
41,100.0,359.0255,-335.8855,1.0688925243870309,8.58,2.81,5.77,0.4870017331022531,12.71,4.84,43.56491569390401,Bronch
42,100.0,673.352,-371.154,1.8142118904821178,8.57,4.29,4.28,1.0023364485981308,13.24,4.9,45.042961165048546,Bronch
43,100.0,359.02,-299.7865,1.1975856150960766,8.58,2.81,5.77,0.4870017331022531,11.15,5.29,48.745772357723574,Bronch
44,100.0,360.0455,74.487,-4.833668962369273,8.57,2.81,5.76,0.48784722222222227,8.74,4.71,-19.916310160427805,Bronch
45,100.0,360.068,-92.278,3.901991807364702,8.57,2.81,5.76,0.48784722222222227,12.58,5.16,12.173878627968339,Bronch
46,100.0,359.9755,-63.7885,5.643266419495677,8.58,2.81,5.77,0.4870017331022531,9.52,5.16,14.1125,Bronch
47,100.0,360.106,-159.4215,2.258829580702728,8.57,2.81,5.76,0.48784722222222227,10.44,4.84,29.30542279411765,Bronch
48,100.0,360.119,-218.4715,1.6483568795014454,8.58,2.81,5.77,0.4870017331022531,9.98,4.64,43.86977911646586,Bronch
49,100.0,359.0895,-126.1775,2.845907550870797,8.57,2.8,5.77,0.4852686308492201,10.37,4.84,23.496741154562386,Bronch
50,100.0,359.8875,-104.6735,3.4381911372028258,8.57,2.81,5.76,0.48784722222222227,10.76,5.29,18.17248263888889,Bronch
51,100.0,360.2275,-177.233,2.0325080543691074,8.58,2.81,5.77,0.4870017331022531,9.92,5.1,36.0229674796748,Bronch
52,100.0,359.995,-186.096,1.9344585590232999,8.57,2.81,5.76,0.48784722222222227,10.96,4.97,31.2241610738255,Bronch
53,100.0,360.3645,-285.8925,1.2604895196621109,8.58,2.81,5.77,0.4870017331022531,10.7,4.38,50.15657894736842,Bronch
54,100.0,360.045,-367.089,0.9808111929259662,8.57,2.81,5.76,0.48784722222222227,11.61,4.9,55.535400907715584,Bronch
55,100.0,359.908,-285.031,1.262697741649154,8.58,2.81,5.77,0.4870017331022531,11.22,4.58,45.82491961414791,Bronch
56,100.0,359.441,-271.9375,1.3217779820730866,8.57,2.8,5.77,0.4852686308492201,11.61,4.84,41.14031770045386,Bronch
57,100.0,359.828,-296.455,1.2137693747786342,8.57,2.81,5.76,0.48784722222222227,11.28,4.97,47.2062101910828,Bronch
58,100.0,360.3975,-208.2785,1.7303634316552114,8.58,2.81,5.77,0.4870017331022531,10.89,4.97,35.361375212224104,Bronch
59,100.0,359.5975,-211.312,1.7017372416142955,8.57,2.8,5.77,0.4852686308492201,8.61,3.21,58.535180055401675,Bronch
60,100.0,360.0845,168.974,-2.1310053617716336,8.57,2.81,5.76,0.48784722222222227,5.88,2.17,-192.0159090909091,Bronch
61,100.0,360.1345,-107.006,3.365554267984973,8.58,2.81,5.77,0.4870017331022531,10.11,5.16,20.940508806262233,Bronch
62,100.0,360.069,74.08,-4.860542656587473,8.57,2.81,5.76,0.48784722222222227,8.94,4.64,-18.802030456852794,Bronch
63,100.0,359.967,-304.478,1.1822430520431688,8.58,2.81,5.77,0.4870017331022531,11.35,5.55,47.94929133858268,Bronch
64,100.0,360.0885,187.5525,-1.9199344183628584,8.57,2.81,5.76,0.48784722222222227,5.88,3.47,-213.12784090909093,Bronch
65,100.0,359.8895,-57.9625,6.209005822730214,8.58,2.81,5.77,0.4870017331022531,7.44,3.27,23.75512295081967,Bronch
66,100.0,359.5945,-102.63,3.503795186592614,8.57,2.8,5.77,0.4852686308492201,11.09,4.9,16.852216748768473,Bronch
67,100.0,359.9235,80.0605,-4.49564391928604,5.57,2.81,2.76,1.0181159420289856,7.25,2.49,-35.58244444444445,Noise
68,100.0,359.718,0.087,-4134.689655172414,2.91,2.8,0.11,25.454545454545453,4.06,2.04,0.09255319148936166,Noise
69,100.0,359.953,0.981,-366.9245667686034,2.92,2.81,0.11,25.545454545454547,2.75,1.13,0.436,Noise
70,100.0,837.0755,147.672,-5.668478113657295,8.57,4.05,4.52,0.8960176991150443,5.03,0.61,-4922.399999999959,Bronch
71,100.0,360.1385,-62.637,5.749612848635791,8.58,2.81,5.77,0.4870017331022531,9.46,4.06,14.044170403587442,Bronch
72,100.0,359.2685,-205.93,1.7446146748895255,8.57,2.8,5.77,0.4852686308492201,11.41,4.58,32.12636505460218,Bronch
73,100.0,360.267,-133.7665,2.693252794982301,8.57,2.81,5.76,0.48784722222222227,10.44,4.84,24.589430147058827,Bronch
74,100.0,360.2545,-214.064,1.6829289371402947,8.58,2.81,5.77,0.4870017331022531,11.8,4.84,31.479999999999997,Bronch
75,100.0,360.3385,-66.048,5.455706455910852,8.57,2.81,5.76,0.48784722222222227,10.57,4.77,11.857809694793536,Bronch
76,100.0,360.3135,-158.356,2.2753384778600116,8.58,2.81,5.77,0.4870017331022531,9.98,4.51,31.798393574297187,Bronch
77,100.0,359.437,-228.916,1.57016984396023,8.57,2.8,5.77,0.4852686308492201,9.98,4.64,45.967068273092366,Bronch
78,100.0,360.03,-156.1465,2.3057193084699303,8.57,2.81,5.76,0.48784722222222227,9.98,4.71,31.354718875502005,Bronch
79,100.0,360.057,-223.206,1.6131152388376657,8.58,2.81,5.77,0.4870017331022531,10.83,5.1,38.28576329331046,Bronch
80,100.0,359.9095,-280.908,1.2812362054480468,8.57,2.81,5.76,0.48784722222222227,11.02,4.84,46.6624584717608,Bronch
81,100.0,359.9335,-200.748,1.7929618227827924,8.58,2.81,5.77,0.4870017331022531,11.02,4.51,33.3468438538206,Bronch
82,100.0,1209.264,-177.8715,6.798525902125973,8.57,5.09,3.48,1.4626436781609196,9.2,4.38,42.35035714285715,Noise
83,100.0,359.891,-347.4905,1.0356858676712026,8.57,2.81,5.76,0.48784722222222227,10.83,4.97,59.60385934819897,Normal
84,100.0,430.565,-411.8685,1.0453943430973722,8.58,2.81,5.77,0.4870017331022531,11.87,4.9,59.95174672489083,Recruitment
85,100.0,539.385,-481.7165,1.1197146039216013,8.57,2.81,5.76,0.48784722222222227,13.5,4.77,56.67252941176471,Recruitment
86,100.0,619.2305,-563.258,1.0993727563567672,8.58,2.81,5.77,0.4870017331022531,15.51,4.77,53.592578496669844,Recruitment
87,100.0,699.312,-645.4785,1.0834009188532228,8.57,2.8,5.77,0.4852686308492201,17.66,4.77,50.98566350710901,Recruitment
88,100.0,747.3265,-554.966,1.3466167296735296,28.04,22.27,5.77,3.859618717504333,19.35,4.84,38.67358885017421,InPause
89,100.0,748.1835,-755.222,0.9906802238282253,8.57,2.81,5.76,0.48784722222222227,20.14,4.84,49.88256274768824,Recruitment
90,100.0,746.571,-761.353,0.980584564584365,8.58,2.81,5.77,0.4870017331022531,20.14,4.84,50.28751651254953,Recruitment
91,100.0,747.205,-648.284,1.152588988776524,28.93,23.16,5.77,4.013864818024263,19.75,4.84,43.95145762711864,InPause
92,100.0,641.103,-682.1215,0.9398662848187602,8.58,2.81,5.77,0.4870017331022531,15.77,4.84,63.33532961931291,Recruitment
93,100.0,518.9505,-552.108,0.939943815340477,8.57,2.8,5.77,0.4852686308492201,12.39,4.84,74.71014884979701,Recruitment
94,100.0,402.289,-429.9195,0.9357309914995714,8.57,2.81,5.76,0.48784722222222227,10.05,4.84,85.13257425742573,Recruitment
95,100.0,360.057,-393.0255,0.9161161298694359,8.58,2.81,5.77,0.4870017331022531,9.39,4.84,89.52744874715262,Normal
96,100.0,359.808,-376.7355,0.9550679455480038,8.57,2.81,5.76,0.48784722222222227,9.39,4.84,85.81674259681093,Normal
97,100.0,359.5225,-371.9345,0.9666285327120769,8.58,2.81,5.77,0.4870017331022531,9.39,4.84,84.72312072892937,Normal
98,100.0,359.005,-372.4895,0.9637989795685515,8.57,2.8,5.77,0.4852686308492201,9.46,4.77,83.51782511210762,Normal
99,100.0,359.5705,-369.4915,0.9731495853084577,8.57,2.81,5.76,0.48784722222222227,9.46,4.77,82.84562780269056,Normal
100,100.0,359.5115,-371.7115,0.9671788470359406,8.58,2.81,5.77,0.4870017331022531,9.52,4.77,82.2370575221239,Normal
101,100.0,360.057,-368.1045,0.9781380015729231,8.57,2.81,5.76,0.48784722222222227,9.52,4.77,81.43904867256637,Normal
102,100.0,359.3975,-369.9945,0.9713590337153659,8.58,2.81,5.77,0.4870017331022531,9.52,4.84,81.85719026548674,Normal
103,100.0,359.3435,-362.3025,0.9918327916589038,8.57,2.8,5.77,0.4852686308492201,9.59,4.77,78.93300653594771,Normal
104,100.0,359.444,-369.0805,0.9738905198188472,8.57,2.81,5.76,0.48784722222222227,9.52,4.77,81.6549778761062,Normal
105,100.0,359.2035,-371.088,0.9679739037640668,8.58,2.81,5.77,0.4870017331022531,9.59,4.77,80.84705882352942,Normal
106,100.0,360.023,-373.836,0.9630506425277394,8.57,2.81,5.76,0.48784722222222227,9.65,4.77,80.39483870967742,Normal
107,100.0,359.8155,-385.788,0.9326767551090236,8.58,2.81,5.77,0.4870017331022531,9.72,4.84,81.73474576271185,Normal
108,100.0,359.6735,-381.6935,0.9423097328091781,8.57,2.8,5.77,0.4852686308492201,9.65,4.77,82.08462365591397,Normal
109,100.0,359.8665,-379.856,0.9473761109473063,8.57,2.81,5.76,0.48784722222222227,9.65,4.77,81.6894623655914,Normal
110,100.0,359.6225,-390.93,0.91991533011025,8.58,2.81,5.77,0.4870017331022531,9.72,4.84,82.82415254237287,Normal
111,100.0,360.29,-396.0165,0.909785324601374,8.57,2.81,5.76,0.48784722222222227,9.72,4.84,83.90180084745762,Normal
112,100.0,359.806,-393.7005,0.9139079071527723,8.58,2.81,5.77,0.4870017331022531,9.65,4.84,84.66677419354838,Normal
113,100.0,359.895,-380.732,0.9452712143975288,8.57,2.81,5.76,0.48784722222222227,9.46,4.84,85.3659192825112,Normal
114,100.0,359.9565,-383.6295,0.9382920239449781,8.57,2.81,5.76,0.48784722222222227,9.46,4.84,86.01558295964124,Normal
115,100.0,359.7105,-383.4725,0.9380346700219703,8.58,2.81,5.77,0.4870017331022531,9.46,4.84,85.98038116591927,Normal
116,100.0,359.656,-381.07,0.9438056000209936,8.57,2.81,5.76,0.48784722222222227,9.46,4.84,85.44170403587442,Normal
117,100.0,359.73,-378.8015,0.949653050476305,8.58,2.81,5.77,0.4870017331022531,9.46,4.84,84.9330717488789,Normal
118,100.0,359.5375,-381.8745,0.9415069610565775,8.57,2.8,5.77,0.4852686308492201,9.46,4.84,85.62208520179371,Normal
119,100.0,359.776,-380.2545,0.9461452790170793,8.57,2.81,5.76,0.48784722222222227,9.46,4.84,85.25885650224214,Normal
120,100.0,359.5805,-381.348,0.9429195905052602,8.58,2.81,5.77,0.4870017331022531,9.46,4.84,85.50403587443945,Normal
121,100.0,360.2975,-381.3645,0.9447588855281496,8.57,2.81,5.76,0.48784722222222227,9.46,4.84,85.50773542600896,Normal
122,100.0,359.502,-376.894,0.9538543993801971,8.58,2.81,5.77,0.4870017331022531,9.46,4.84,84.50538116591927,Normal
123,100.0,360.1025,-385.3715,0.9344295050360496,8.57,2.81,5.76,0.48784722222222227,9.52,4.84,85.25918141592922,Normal
124,100.0,359.86,-378.8095,0.9499761753599104,8.57,2.81,5.76,0.48784722222222227,9.46,4.84,84.934865470852,Normal
125,100.0,359.9145,-381.5455,0.9433068926248638,8.58,2.81,5.77,0.4870017331022531,9.46,4.84,85.5483183856502,Normal
126,100.0,360.0125,-379.772,0.9479700978481825,8.57,2.81,5.76,0.48784722222222227,9.52,4.84,84.02035398230089,Normal
127,100.0,359.707,-377.192,0.9536442978642177,8.58,2.81,5.77,0.4870017331022531,9.46,4.84,84.57219730941702,Normal
128,100.0,359.7895,-379.8915,0.9470848913439758,8.57,2.8,5.77,0.4852686308492201,9.46,4.84,85.177466367713,Normal
129,100.0,359.96,-377.4875,0.9535679989403621,8.57,2.81,5.76,0.48784722222222227,9.46,4.84,84.6384529147982,Normal
130,100.0,359.612,-379.5095,0.9475704824253411,8.58,2.81,5.77,0.4870017331022531,9.52,4.84,83.96227876106195,Normal
131,100.0,359.5525,-373.8395,0.9617830646574266,8.57,2.81,5.76,0.48784722222222227,9.39,4.84,85.15706150341684,Normal
132,100.0,355.3925,-324.1345,1.0964352760968055,6.01,2.81,3.2,0.8781249999999999,9.46,4.84,72.67589686098654,Assessment
133,100.0,507.0585,-499.1315,1.0158815863154298,6.0,2.8,3.2,0.8749999999999999,13.17,5.03,61.09320685434517,Assessment
134,100.0,507.53,-530.9425,0.9559038878974653,6.0,2.81,3.19,0.8808777429467085,13.5,5.1,62.46382352941176,Assessment
135,100.0,507.555,-535.3405,0.948097519242426,6.0,2.81,3.19,0.8808777429467085,13.69,5.16,61.6042002301496,Assessment
136,100.0,507.5,-529.711,0.9580695888890357,6.0,2.81,3.19,0.8808777429467085,13.69,5.1,60.95638665132336,Assessment
137,100.0,507.5655,-531.1585,0.9555819967109629,6.01,2.81,3.2,0.8781249999999999,13.82,5.1,60.22205215419501,Assessment
138,100.0,507.778,-530.734,0.9567466942008614,6.0,2.81,3.19,0.8808777429467085,13.89,5.1,59.70011248593926,Assessment
139,100.0,507.7875,-527.406,0.9628019021399076,6.0,2.81,3.19,0.8808777429467085,13.89,5.1,59.325759280089976,Assessment
140,100.0,507.4835,-530.245,0.9570736169129365,6.0,2.81,3.19,0.8808777429467085,14.02,5.16,58.78547671840355,Assessment
141,100.0,507.4165,-524.6495,0.9671533090186877,6.01,2.81,3.2,0.8781249999999999,14.02,5.1,58.16513303769401,Assessment
142,100.0,507.129,-530.993,0.9550577879557733,6.0,2.8,3.2,0.8749999999999999,14.15,5.1,58.0320218579235,Assessment
143,100.0,507.069,-526.4625,0.9631626184201154,6.0,2.8,3.2,0.8749999999999999,14.08,5.1,57.980451541850215,Assessment
144,100.0,507.6495,-527.582,0.9622191431853248,6.0,2.81,3.19,0.8808777429467085,14.15,5.16,57.659234972677595,Assessment
145,100.0,507.51,-528.471,0.9603365179924725,6.0,2.81,3.19,0.8808777429467085,14.21,5.1,57.3801302931596,Assessment
146,100.0,507.4255,-525.621,0.9653828519027969,6.0,2.81,3.19,0.8808777429467085,14.28,5.1,56.64019396551724,Assessment
147,100.0,507.234,-532.1605,0.9531598079902586,6.01,2.81,3.2,0.8781249999999999,14.28,5.1,57.34488146551724,Assessment
148,100.0,507.823,-526.254,0.9649769882984262,6.0,2.81,3.19,0.8808777429467085,14.28,5.1,56.7084051724138,Assessment
149,100.0,507.744,-530.1505,0.9577355864042382,6.0,2.81,3.19,0.8808777429467085,14.34,5.16,56.76129550321199,Assessment
150,100.0,507.38,-527.451,0.9619471761357926,6.0,2.81,3.19,0.8808777429467085,14.34,5.1,56.47226980728052,Assessment
151,100.0,507.4215,-525.117,0.9663017955998378,6.01,2.81,3.2,0.8781249999999999,14.41,5.1,55.80414452709883,Assessment
152,100.0,507.1425,-529.573,0.9576441774788367,6.0,2.8,3.2,0.8749999999999999,14.47,5.1,55.92111932418162,Assessment
153,100.0,507.7395,-525.1535,0.966840171492716,6.0,2.81,3.19,0.8808777429467085,14.41,5.1,55.808023379383634,Assessment
154,100.0,507.572,-533.2825,0.9517882173144627,6.0,2.81,3.19,0.8808777429467085,14.47,5.16,56.31282998944034,Assessment
155,100.0,507.5045,-524.58,0.9674491974532006,6.0,2.81,3.19,0.8808777429467085,14.47,5.1,55.39387539598733,Assessment
156,100.0,507.4325,-531.541,0.9546441384578047,6.0,2.81,3.19,0.8808777429467085,14.54,5.1,55.71708595387842,Assessment
157,100.0,507.228,-532.908,0.9518115697268572,6.01,2.81,3.2,0.8781249999999999,14.54,5.1,55.860377358490574,Assessment
158,100.0,507.727,-525.7395,0.9657387356285764,6.0,2.81,3.19,0.8808777429467085,14.47,5.1,55.5163146779303,Assessment
159,100.0,507.7185,-532.0795,0.9542154884749364,6.0,2.81,3.19,0.8808777429467085,14.6,5.1,55.424947916666675,Assessment
160,100.0,507.5565,-508.265,0.9986060421236954,12.74,6.02,6.72,0.8958333333333333,14.6,5.1,52.944270833333334,InPause
161,100.0,505.364,-541.924,0.9325366656579152,6.0,2.81,3.19,0.8808777429467085,14.99,5.55,54.246646646646646,Assessment
162,100.0,507.133,-531.447,0.95424943597386,6.01,2.81,3.2,0.8781249999999999,14.6,5.1,55.3590625,Assessment
163,100.0,507.643,-507.1285,1.001014535763618,15.59,6.39,9.2,0.6945652173913044,14.54,5.1,53.15812368972747,InPause
164,100.0,505.825,-549.338,0.9207901146470844,6.0,2.81,3.19,0.8808777429467085,15.12,5.62,54.28241106719368,Assessment
165,100.0,507.2935,-529.0145,0.9589406339523775,6.0,2.81,3.19,0.8808777429467085,14.54,5.1,55.452253668763106,Assessment
166,100.0,506.834,-531.9135,0.9528504164680911,6.01,2.81,3.2,0.8781249999999999,14.6,5.1,55.40765625,Assessment
167,100.0,507.103,-525.6285,0.9647555260036318,6.0,2.8,3.2,0.8749999999999999,14.6,5.1,54.75296875000001,Assessment
168,100.0,507.6865,-536.396,0.9464770430801126,6.0,2.81,3.19,0.8808777429467085,14.67,5.1,55.47011375387797,Assessment
169,100.0,507.5375,-527.839,0.9615384615384615,6.0,2.81,3.19,0.8808777429467085,14.54,5.1,55.32903563941301,Assessment
170,100.0,507.4595,-532.695,0.9526267376265968,6.0,2.81,3.19,0.8808777429467085,14.73,5.16,54.74768756423433,Assessment
171,100.0,507.382,-528.343,0.960326908845201,6.01,2.81,3.2,0.8781249999999999,14.67,5.1,54.63733195449844,Assessment
172,100.0,507.2035,-528.223,0.9602071473601113,6.0,2.8,3.2,0.8749999999999999,14.67,5.1,54.624922440537745,Assessment
173,100.0,507.748,-535.7505,0.9477321999699487,6.0,2.81,3.19,0.8808777429467085,14.73,5.1,55.061716341212744,Assessment
174,100.0,507.4935,-525.64,0.9654773228825813,6.0,2.81,3.19,0.8808777429467085,14.67,5.1,54.35780765253361,Assessment
175,100.0,507.348,-532.892,0.9520653340639378,6.0,2.81,3.19,0.8808777429467085,14.8,5.16,54.37673469387755,Assessment
176,100.0,507.3595,-527.156,0.9624466002473653,6.01,2.81,3.2,0.8781249999999999,14.73,5.1,54.17841726618704,Assessment
177,100.0,507.115,-530.748,0.9554722768620889,6.0,2.8,3.2,0.8749999999999999,14.8,5.1,54.15795918367347,Assessment
178,100.0,507.7305,-529.405,0.9590587546396426,6.0,2.81,3.19,0.8808777429467085,14.73,5.1,54.40955806783144,Assessment
179,100.0,507.501,-523.6855,0.9690950007208524,6.0,2.81,3.19,0.8808777429467085,14.73,5.1,53.82173689619733,Assessment
180,100.0,507.489,-533.0485,0.952050329379034,6.0,2.81,3.19,0.8808777429467085,14.86,5.1,54.06171399594321,Assessment
181,100.0,507.4215,-525.2145,0.9661224128427527,6.01,2.81,3.2,0.8781249999999999,14.73,5.1,53.97887975334019,Assessment
182,100.0,507.0875,-532.3785,0.9524943249962197,6.0,2.8,3.2,0.8749999999999999,14.86,5.1,53.993762677484796,Assessment
183,100.0,507.747,-527.0485,0.9633781331319604,6.0,2.81,3.19,0.8808777429467085,14.8,5.1,53.780459183673464,Assessment
184,100.0,507.543,-528.647,0.9600792211059553,6.0,2.81,3.19,0.8808777429467085,14.8,5.1,53.94357142857143,Assessment
185,100.0,507.3345,-530.563,0.9562191483386516,6.0,2.81,3.19,0.8808777429467085,14.86,5.1,53.80963488843813,Assessment
186,100.0,507.286,-522.606,0.9706853729195608,6.01,2.81,3.2,0.8781249999999999,14.8,5.1,53.32714285714285,Assessment
187,100.0,507.03,-530.6165,0.955548875694593,6.0,2.8,3.2,0.8749999999999999,14.93,5.1,53.43569989929507,Assessment
188,100.0,507.7465,-525.435,0.9663355124801356,6.0,2.81,3.19,0.8808777429467085,14.8,5.1,53.615816326530606,Assessment
189,100.0,507.5375,-527.7425,0.961714283007338,6.0,2.81,3.19,0.8808777429467085,14.86,5.16,53.52358012170385,Assessment
190,100.0,507.3925,-525.878,0.964848310824944,6.0,2.81,3.19,0.8808777429467085,14.8,5.1,53.66102040816327,Assessment
191,100.0,507.4345,-523.676,0.9689855941459986,6.01,2.81,3.2,0.8781249999999999,14.86,5.1,53.11115618661258,Assessment
192,100.0,507.1755,-529.3305,0.9581452419613077,6.0,2.8,3.2,0.8749999999999999,14.93,5.1,53.30619335347433,Assessment
193,100.0,507.8085,-524.1735,0.9687794213175599,6.0,2.81,3.19,0.8808777429467085,14.8,5.1,53.48709183673469,Assessment
194,100.0,507.562,-529.435,0.958686146552457,6.0,2.81,3.19,0.8808777429467085,14.93,5.1,53.31671701913393,Assessment
195,100.0,507.3225,-521.097,0.9735663417751398,6.0,2.81,3.19,0.8808777429467085,14.86,5.1,52.849594320486815,Assessment
196,100.0,507.319,-527.4895,0.9617613241590591,6.01,2.81,3.2,0.8781249999999999,14.93,5.1,53.120795568982885,Assessment
197,100.0,507.0875,-526.179,0.9637167199755217,6.0,2.8,3.2,0.8749999999999999,14.86,5.1,53.36501014198783,Assessment
198,100.0,507.697,-522.1665,0.9722894900381391,6.0,2.81,3.19,0.8808777429467085,14.86,5.1,52.95806288032455,Assessment
199,100.0,506.844,-529.8435,0.956591899306116,6.0,2.8,3.2,0.8749999999999999,14.93,5.1,53.35785498489425,Assessment
200,100.0,507.533,-521.368,0.9734640407543231,6.0,2.81,3.19,0.8808777429467085,14.86,5.1,52.87707910750508,Assessment
201,100.0,506.7775,-527.6935,0.9603633548641399,6.01,2.81,3.2,0.8781249999999999,14.93,5.1,53.14133937562941,Assessment
202,100.0,506.585,-523.6075,0.9674899614692303,6.0,2.8,3.2,0.8749999999999999,14.8,5.1,53.42933673469387,Assessment
203,100.0,507.6895,-525.2155,0.9666308401027769,6.0,2.81,3.19,0.8808777429467085,14.86,5.1,53.2672920892495,Assessment
204,100.0,508.1655,-528.0255,0.9623881801163012,6.0,2.81,3.19,0.8808777429467085,14.86,5.1,53.55228194726166,Assessment
205,100.0,507.4135,-522.0405,0.9719811010831536,6.0,2.81,3.19,0.8808777429467085,14.86,5.1,52.94528397565923,Assessment
206,100.0,507.2605,-528.3955,0.9600015518678717,6.01,2.81,3.2,0.8781249999999999,14.99,5.1,52.89244244244244,Assessment
207,100.0,507.087,-525.0865,0.9657208859873564,6.0,2.8,3.2,0.8749999999999999,14.86,5.1,53.254208924949296,Assessment
208,100.0,507.707,-527.3675,0.9627195456678692,6.0,2.81,3.19,0.8808777429467085,14.93,5.1,53.10850956696878,Assessment
209,100.0,507.574,-524.6185,0.9675106768060981,6.0,2.81,3.19,0.8808777429467085,14.86,5.1,53.2067444219067,Assessment
210,100.0,507.5005,-523.7135,0.9690422339695273,6.0,2.81,3.19,0.8808777429467085,14.99,5.1,52.42377377377377,Assessment
211,100.0,507.2435,-529.463,0.9580338947197444,6.01,2.81,3.2,0.8781249999999999,14.99,5.1,52.999299299299295,Assessment
212,100.0,506.4995,-521.8915,0.9705072797698373,6.0,2.8,3.2,0.8749999999999999,14.93,5.1,52.55704934541792,Assessment
213,100.0,507.799,-529.27,0.9594328036729836,6.0,2.81,3.19,0.8808777429467085,14.99,5.1,52.97997997997998,Assessment
214,100.0,508.04,-523.915,0.969699283280685,6.0,2.81,3.19,0.8808777429467085,14.93,5.1,52.76082578046324,Assessment
215,100.0,507.8135,-528.6215,0.9606372423369084,6.0,2.81,3.19,0.8808777429467085,15.06,5.1,52.54686878727634,Assessment
216,100.0,507.296,-525.7025,0.9649868509280439,6.01,2.81,3.2,0.8781249999999999,14.99,5.1,52.62287287287287,Assessment
217,100.0,507.101,-523.8645,0.9680003130580522,6.0,2.8,3.2,0.8749999999999999,14.99,5.1,52.43888888888889,Assessment
218,100.0,507.163,-528.591,0.9594620415406241,6.0,2.81,3.19,0.8808777429467085,14.99,5.1,52.91201201201201,Assessment
219,100.0,507.5455,-520.397,0.9753044310401481,6.0,2.81,3.19,0.8808777429467085,14.93,5.1,52.40654582074522,Assessment
220,100.0,507.5205,-529.6,0.9583091012084592,6.0,2.81,3.19,0.8808777429467085,15.06,5.1,52.6441351888668,Assessment
221,100.0,507.2665,-522.7365,0.9704057397943324,6.01,2.81,3.2,0.8781249999999999,14.99,5.1,52.32597597597597,Assessment
222,100.0,507.043,-527.5605,0.9611087259186386,6.0,2.8,3.2,0.8749999999999999,15.06,5.1,52.44140159045726,Assessment
223,100.0,507.6305,-527.5845,0.9621785704470088,6.0,2.81,3.19,0.8808777429467085,14.99,5.1,52.811261261261265,Assessment
224,100.0,507.591,-522.4035,0.9716454809357135,6.0,2.81,3.19,0.8808777429467085,14.93,5.1,52.60861027190332,Assessment
225,100.0,506.7115,-528.2295,0.9592639184293947,6.0,2.81,3.19,0.8808777429467085,15.06,5.1,52.507902584493046,Assessment
226,100.0,507.2425,-522.3765,0.9710285589033963,6.01,2.81,3.2,0.8781249999999999,14.99,5.1,52.289939939939934,Assessment
227,100.0,506.4625,-527.1845,0.960693078040041,6.0,2.8,3.2,0.8749999999999999,15.06,5.1,52.40402584493041,Assessment
228,100.0,507.7195,-523.716,0.9694557737399658,6.0,2.81,3.19,0.8808777429467085,14.99,5.1,52.42402402402402,Assessment
229,100.0,506.9555,-523.213,0.9689275686957319,6.0,2.81,3.19,0.8808777429467085,14.99,5.1,52.37367367367367,Assessment
230,100.0,506.9175,-528.0555,0.9599701167774978,6.0,2.81,3.19,0.8808777429467085,15.06,5.1,52.49060636182903,Assessment
231,100.0,507.241,-525.497,0.9652595542886069,6.01,2.81,3.2,0.8781249999999999,15.06,5.1,52.23628230616301,Assessment
232,100.0,507.0985,-530.345,0.9561672119092288,6.0,2.8,3.2,0.8749999999999999,15.12,5.1,52.4056324110672,Assessment
233,100.0,505.819,-513.8605,0.9843508111637302,6.0,2.81,3.19,0.8808777429467085,14.8,5.03,52.43474489795918,Assessment
234,100.0,514.3365,-529.8935,0.9706412703684797,6.0,2.81,3.19,0.8808777429467085,15.19,5.1,52.00132482826301,Assessment
235,100.0,508.718,-552.1715,0.9213043411331443,8.58,2.81,5.77,0.4870017331022531,14.93,5.1,55.60639476334341,Noise
236,100.0,359.4145,-390.0385,0.9214846739488537,8.57,2.8,5.77,0.4852686308492201,9.98,4.77,78.32098393574296,Normal
237,100.0,359.7875,-349.2945,1.03004055317218,8.57,2.81,5.76,0.48784722222222227,9.85,4.84,72.01948453608249,Normal
238,100.0,359.614,-347.0355,1.036245571418486,8.58,2.81,5.77,0.4870017331022531,9.78,4.77,72.60156903765692,Normal
239,100.0,359.909,-352.083,1.0222277133516813,8.57,2.81,5.76,0.48784722222222227,9.85,4.84,72.59443298969073,Normal
240,100.0,359.474,-355.679,1.0106697331020387,8.58,2.81,5.77,0.4870017331022531,9.85,4.77,73.33587628865979,Normal
241,100.0,359.908,-354.2395,1.0160018857298523,8.57,2.81,5.76,0.48784722222222227,9.85,4.84,73.03907216494846,Normal
242,100.0,359.5855,-359.3945,1.0005314494239619,8.58,2.81,5.77,0.4870017331022531,9.85,4.84,74.1019587628866,Normal
243,100.0,359.3975,-359.68,0.9992145796263344,8.57,2.8,5.77,0.4852686308492201,9.85,4.84,74.16082474226805,Normal
244,100.0,359.8665,-348.0225,1.0340322823955348,8.57,2.81,5.76,0.48784722222222227,9.92,4.84,70.73628048780488,Normal
245,100.0,359.4565,-380.3685,0.9450217355012311,8.58,2.81,5.77,0.4870017331022531,10.11,4.97,74.43610567514678,Normal
246,100.0,359.788,-369.7545,0.9730456289240563,8.57,2.81,5.76,0.48784722222222227,9.92,4.84,75.15335365853659,Normal
247,100.0,359.766,-353.172,1.0186707893037954,8.57,2.81,5.76,0.48784722222222227,9.98,4.84,70.91807228915663,Normal
248,100.0,359.607,-383.676,0.9372673818534389,8.58,2.81,5.77,0.4870017331022531,10.11,4.97,75.08336594911938,Normal
249,100.0,359.7805,-372.2325,0.9665477893520851,8.57,2.81,5.76,0.48784722222222227,9.92,4.84,75.65701219512195,Normal
250,100.0,359.7655,-375.567,0.957926282128089,8.58,2.81,5.77,0.4870017331022531,9.98,4.84,75.41506024096385,Normal
251,100.0,359.673,-374.572,0.9602239355851478,8.57,2.81,5.76,0.48784722222222227,9.92,4.84,76.13252032520326,Normal
252,100.0,359.5655,-375.1655,0.9584183513675963,8.58,2.81,5.77,0.4870017331022531,9.92,4.84,76.25315040650406,Normal
253,100.0,359.536,-361.487,0.9946028487884764,8.57,2.8,5.77,0.4852686308492201,9.92,4.84,73.47296747967481,Normal
254,100.0,359.857,-386.8265,0.9302801126603271,8.57,2.81,5.76,0.48784722222222227,10.11,4.97,75.69990215264188,Normal
255,100.0,359.4375,-380.8405,0.9438006199445699,8.58,2.81,5.77,0.4870017331022531,9.92,4.84,77.40660569105691,Normal
256,100.0,359.197,-377.9675,0.950338322739389,8.57,2.8,5.77,0.4852686308492201,9.92,4.84,76.822662601626,Normal
257,100.0,359.758,-364.958,0.9857517851369197,8.57,2.81,5.76,0.48784722222222227,9.92,4.84,74.17845528455285,Normal
258,100.0,359.487,-389.134,0.9238128767982238,8.58,2.81,5.77,0.4870017331022531,10.11,4.9,76.15146771037183,Normal
259,100.0,359.8635,-373.905,0.9624463433225018,8.57,2.81,5.76,0.48784722222222227,9.92,4.84,75.99695121951218,Normal
260,100.0,359.5295,-384.2515,0.935661929751738,8.58,2.81,5.77,0.4870017331022531,10.05,4.84,76.08940594059405,Normal
261,100.0,359.622,-379.979,0.946425986699265,8.57,2.81,5.76,0.48784722222222227,9.92,4.84,77.23150406504065,Normal
262,100.0,359.3885,-364.65,0.9855710955710957,8.58,2.81,5.77,0.4870017331022531,9.98,4.84,73.22289156626505,Normal
263,100.0,359.6075,-392.4055,0.9164180930185739,8.57,2.8,5.77,0.4852686308492201,10.18,4.97,75.75395752895754,Normal
264,100.0,359.8545,-382.1765,0.941592431769091,8.57,2.81,5.76,0.48784722222222227,9.98,4.84,76.7422690763052,Normal
265,100.0,359.475,-382.7305,0.9392379232906707,8.58,2.81,5.77,0.4870017331022531,9.98,4.84,76.8535140562249,Normal
266,100.0,359.9355,-379.5735,0.9482629846393386,8.57,2.81,5.76,0.48784722222222227,9.92,4.84,77.14908536585367,Normal
267,100.0,359.7915,-364.686,0.9865788651058719,8.58,2.81,5.77,0.4870017331022531,9.92,4.84,74.12317073170732,Normal
268,100.0,359.4765,-394.471,0.9112875217696611,8.57,2.8,5.77,0.4852686308492201,10.18,4.97,76.15270270270271,Normal
269,100.0,359.806,-381.875,0.94220883797054,8.57,2.81,5.76,0.48784722222222227,9.98,4.84,76.68172690763052,Normal
270,100.0,359.48,-367.7625,0.9774786716970872,8.58,2.81,5.77,0.4870017331022531,9.98,4.84,73.84789156626505,Normal
271,100.0,359.8905,-393.9565,0.9135285240883193,8.57,2.81,5.76,0.48784722222222227,10.18,4.9,76.05337837837838,Normal
272,100.0,359.4515,-380.2615,0.9452745018888318,8.58,2.81,5.77,0.4870017331022531,9.98,4.84,76.35773092369477,Normal
273,100.0,359.636,-385.7485,0.9323069305519012,8.57,2.8,5.77,0.4852686308492201,9.98,4.84,77.45953815261043,Normal
274,100.0,359.9615,-367.5625,0.9793205237204557,8.57,2.81,5.76,0.48784722222222227,9.98,4.84,73.80773092369478,Normal
275,100.0,359.5135,-394.1445,0.9121362850426684,8.58,2.81,5.77,0.4870017331022531,10.18,4.97,76.08967181467182,Normal
276,100.0,359.507,-385.196,0.9333092763164726,8.57,2.81,5.76,0.48784722222222227,9.98,4.84,77.34859437751004,Normal
277,100.0,359.6795,-363.2905,0.9900602960991273,8.58,2.81,5.77,0.4870017331022531,9.98,4.84,72.94989959839357,Normal
278,100.0,359.3275,-392.9435,0.9144508052684419,8.57,2.8,5.77,0.4852686308492201,10.18,4.97,75.85781853281853,Normal
279,100.0,359.482,-367.9735,0.9769236099882194,8.57,2.81,5.76,0.48784722222222227,9.98,4.84,73.8902610441767,Normal
280,100.0,359.698,-381.6855,0.9423936722773069,8.58,2.81,5.77,0.4870017331022531,10.18,5.03,73.68445945945946,Normal
281,100.0,359.9225,-398.0715,0.9041654577129988,8.57,2.81,5.76,0.48784722222222227,10.18,4.97,76.84777992277994,Normal
282,100.0,359.273,-365.2725,0.983575275992581,8.58,2.81,5.77,0.4870017331022531,9.98,4.84,73.34789156626505,Normal
283,100.0,359.712,-397.8765,0.904079532216655,8.57,2.8,5.77,0.4852686308492201,10.18,4.97,76.81013513513514,Normal
284,100.0,359.918,-380.4315,0.9460783347330597,8.57,2.81,5.76,0.48784722222222227,9.98,4.84,76.39186746987951,Normal
285,100.0,359.473,-368.132,0.9764785457390284,8.58,2.81,5.77,0.4870017331022531,10.05,4.84,72.89742574257424,Normal
286,100.0,359.4365,-395.3455,0.9091705862340662,8.57,2.81,5.76,0.48784722222222227,10.18,4.97,76.32152509652511,Normal
287,100.0,359.5825,-363.9715,0.9879413635408266,8.58,2.81,5.77,0.4870017331022531,10.05,4.84,72.07356435643563,Normal
288,100.0,359.592,-398.2765,0.9028702421558892,8.57,2.8,5.77,0.4852686308492201,10.31,5.03,75.00499058380413,Normal
289,100.0,359.9135,-383.58,0.9383010063089838,8.57,2.81,5.76,0.48784722222222227,10.05,4.84,75.95643564356435,Normal
290,100.0,359.7715,-383.91,0.9371245864916256,8.58,2.81,5.77,0.4870017331022531,10.05,4.84,76.02178217821782,Normal
291,100.0,360.231,-383.6835,0.9388754012095908,8.57,2.81,5.76,0.48784722222222227,10.05,4.84,75.97693069306929,Normal
292,100.0,359.6065,-365.3795,0.9841999893261663,8.58,2.81,5.77,0.4870017331022531,10.05,4.84,72.35237623762376,Normal
293,100.0,359.2985,-397.209,0.9045578020639008,8.57,2.8,5.77,0.4852686308492201,10.24,5.03,75.80324427480916,Normal
294,100.0,359.804,-384.9855,0.9345910430392832,8.57,2.81,5.76,0.48784722222222227,10.05,4.84,76.23475247524752,Normal
295,100.0,359.2645,-381.1415,0.9426013698324638,8.58,2.81,5.77,0.4870017331022531,10.05,4.9,75.47356435643563,Normal
296,100.0,359.707,-384.6275,0.9352087409246609,8.57,2.81,5.76,0.48784722222222227,10.05,4.9,76.1638613861386,Normal
297,100.0,359.348,-356.706,1.0074066598262996,8.58,2.81,5.77,0.4870017331022531,10.05,4.84,70.6348514851485,Normal
298,100.0,359.144,-383.1595,0.9373224466573321,8.57,2.8,5.77,0.4852686308492201,10.11,4.97,74.98228962818004,Normal
299,100.0,359.6585,-377.224,0.9534348291731173,8.57,2.81,5.76,0.48784722222222227,10.05,4.84,74.69782178217821,Normal
300,100.0,359.701,-372.859,0.9647105205989397,8.58,2.81,5.77,0.4870017331022531,10.11,4.84,72.96653620352251,Normal
301,100.0,360.3245,-387.336,0.9302633888923312,8.57,2.81,5.76,0.48784722222222227,10.18,4.9,74.77528957528958,Normal
302,100.0,359.516,-364.988,0.9850077262814121,8.58,2.81,5.77,0.4870017331022531,10.05,4.84,72.2748514851485,Normal
303,100.0,359.479,-397.65,0.9040085502326166,8.57,2.8,5.77,0.4852686308492201,10.37,5.03,74.05027932960894,Normal
304,100.0,360.052,-384.499,0.9364185602563335,8.57,2.81,5.76,0.48784722222222227,10.11,4.84,75.2444227005871,Normal
305,100.0,359.516,-379.0615,0.9484371269569714,8.58,2.81,5.77,0.4870017331022531,10.11,4.84,74.18033268101763,Normal
306,100.0,359.808,-384.088,0.9367853200308262,8.57,2.81,5.76,0.48784722222222227,10.11,4.84,75.16399217221137,Normal
307,100.0,359.595,-363.38,0.9895839066541913,8.58,2.81,5.77,0.4870017331022531,10.05,4.84,71.95643564356435,Normal
308,100.0,359.4085,-396.09,0.9073909969956324,8.57,2.8,5.77,0.4852686308492201,10.31,5.03,74.59322033898304,Normal
309,100.0,359.6695,-401.7965,0.8951533923267128,8.57,2.81,5.76,0.48784722222222227,10.05,4.84,79.56366336633661,Normal
310,100.0,359.287,-390.515,0.9200338015185076,8.58,2.81,5.77,0.4870017331022531,10.05,4.84,77.32970297029702,Normal
311,100.0,359.921,-386.845,0.9304010650260439,8.57,2.81,5.76,0.48784722222222227,10.05,4.84,76.6029702970297,Normal
312,100.0,359.5655,-367.402,0.9786705026102198,8.58,2.81,5.77,0.4870017331022531,10.05,4.84,72.7528712871287,Normal
313,100.0,359.3345,-398.674,0.9013241395225172,8.57,2.8,5.77,0.4852686308492201,10.24,4.97,76.08282442748092,Normal
314,100.0,359.605,-386.289,0.9309221852033064,8.57,2.81,5.76,0.48784722222222227,10.05,4.84,76.4928712871287,Normal
315,100.0,359.4825,-381.715,0.94175628413869,8.58,2.81,5.77,0.4870017331022531,9.98,4.84,76.64959839357428,Normal
316,100.0,360.2,-383.2885,0.9397620852177928,8.57,2.81,5.76,0.48784722222222227,10.05,4.84,75.89871287128712,Normal
317,100.0,359.82,-378.199,0.9514038905443959,8.58,2.81,5.77,0.4870017331022531,10.05,4.84,74.8908910891089,Normal
318,100.0,359.189,-384.793,0.9334603280205201,8.57,2.8,5.77,0.4852686308492201,10.05,4.84,76.19663366336633,Normal
319,100.0,359.773,-380.83,0.9447076123204581,8.57,2.81,5.76,0.48784722222222227,9.98,4.84,76.47188755020079,Normal
320,100.0,359.391,-364.938,0.9848001578350296,8.58,2.81,5.77,0.4870017331022531,9.98,4.84,73.28072289156626,Normal
321,100.0,360.3305,-394.073,0.9143750015860005,8.57,2.81,5.76,0.48784722222222227,10.18,4.97,76.07586872586873,Normal
322,100.0,359.601,-365.931,0.9827016568697378,8.58,2.81,5.77,0.4870017331022531,9.98,4.84,73.4801204819277,Normal
323,100.0,360.1355,-396.623,0.9080045786552973,8.57,2.81,5.76,0.48784722222222227,10.24,4.97,75.69141221374045,Normal
324,100.0,359.9025,-381.9525,0.9422703084807665,8.58,2.81,5.77,0.4870017331022531,9.98,4.84,76.6972891566265,Normal
325,100.0,359.6565,-383.4265,0.938006371494928,8.57,2.8,5.77,0.4852686308492201,9.98,4.84,76.99327309236946,Normal
326,100.0,360.099,-381.277,0.9444550812139206,8.57,2.81,5.76,0.48784722222222227,9.98,4.84,76.56164658634538,Normal
327,100.0,359.885,-363.4485,0.9901953096518488,8.58,2.81,5.77,0.4870017331022531,9.98,4.84,72.9816265060241,Normal
328,100.0,359.385,-396.4355,0.9065409127083724,8.57,2.8,5.77,0.4852686308492201,10.24,4.97,75.65562977099236,Normal
329,100.0,359.7,-382.5895,0.9401721688650629,8.57,2.81,5.76,0.48784722222222227,9.98,4.77,76.82520080321284,Normal
330,100.0,359.475,-383.6,0.9371089676746611,8.58,2.81,5.77,0.4870017331022531,9.98,4.84,77.0281124497992,Normal
331,100.0,360.227,-387.0135,0.9307866521452093,8.57,2.81,5.76,0.48784722222222227,10.05,4.84,76.63633663366336,Normal
332,100.0,359.6725,-380.711,0.9447389226998957,8.58,2.81,5.77,0.4870017331022531,9.98,4.84,76.44799196787149,Normal
333,100.0,360.202,-376.363,0.9570600723237938,8.57,2.81,5.76,0.48784722222222227,10.05,4.84,74.52732673267326,Normal
334,100.0,359.978,-390.1245,0.9227259503056076,8.58,2.81,5.77,0.4870017331022531,10.05,4.84,77.25237623762375,Normal
335,100.0,359.5005,-380.231,0.9454791955416576,8.57,2.8,5.77,0.4852686308492201,9.98,4.77,76.3516064257028,Normal
336,100.0,360.1355,-384.1975,0.937370753323486,8.57,2.81,5.76,0.48784722222222227,9.98,4.84,77.14809236947791,Normal
337,100.0,359.9795,-382.3805,0.941416991713751,8.58,2.81,5.77,0.4870017331022531,9.98,4.84,76.7832329317269,Normal
338,100.0,359.915,-385.3775,0.9339284208341172,8.57,2.8,5.77,0.4852686308492201,10.05,4.84,76.31237623762375,Normal
339,100.0,359.838,-384.9935,0.9346599358170983,8.57,2.81,5.76,0.48784722222222227,9.98,4.84,77.30793172690763,Normal
340,100.0,359.498,-365.465,0.9836728551297662,8.58,2.81,5.77,0.4870017331022531,9.98,4.77,73.38654618473895,Normal
341,100.0,359.9395,-399.604,0.9007404830782475,8.57,2.81,5.76,0.48784722222222227,10.18,4.97,77.14362934362934,Normal
342,100.0,359.993,-367.601,0.9793036471609163,8.58,2.81,5.77,0.4870017331022531,9.98,4.77,73.81546184738956,Normal
343,100.0,360.3755,-397.2225,0.9072383865465827,8.57,2.81,5.76,0.48784722222222227,10.18,4.9,76.68388030888032,Normal
344,100.0,359.9435,-382.9365,0.9399561023825098,8.58,2.81,5.77,0.4870017331022531,9.98,4.77,76.89487951807229,Normal
345,100.0,359.347,-367.237,0.9785152367544664,8.57,2.8,5.77,0.4852686308492201,9.98,4.84,73.74236947791165,Normal
346,100.0,360.053,-394.862,0.9118451509641342,8.57,2.81,5.76,0.48784722222222227,10.18,4.9,76.22818532818533,Normal
347,100.0,359.752,-366.6505,0.9811850795239608,8.58,2.81,5.77,0.4870017331022531,9.98,4.77,73.62459839357429,Normal
348,100.0,360.0435,-399.023,0.9023126486443137,8.57,2.81,5.76,0.48784722222222227,10.24,4.97,76.14942748091603,Normal
349,100.0,359.8665,-384.226,0.9366011149687944,8.58,2.81,5.77,0.4870017331022531,9.98,4.77,77.15381526104417,Normal
350,100.0,359.7205,-368.7405,0.9755383528524804,8.57,2.8,5.77,0.4852686308492201,9.98,4.84,74.04427710843373,Normal
351,100.0,360.072,-397.3445,0.9061960087531098,8.57,2.81,5.76,0.48784722222222227,10.18,4.9,76.70743243243243,Normal
352,100.0,359.87,-368.838,0.9756858024390112,8.58,2.81,5.77,0.4870017331022531,9.98,4.77,74.06385542168674,Normal
353,100.0,360.1735,-393.369,0.9156123131207593,8.57,2.81,5.76,0.48784722222222227,10.11,4.84,76.98023483365951,Normal
354,100.0,360.154,-384.8325,0.9358721001994375,8.58,2.81,5.77,0.4870017331022531,9.98,4.77,77.27560240963854,Normal
355,100.0,359.4815,-366.2625,0.9814859561107129,8.57,2.8,5.77,0.4852686308492201,9.98,4.84,73.54668674698794,Normal
356,100.0,359.7385,-401.9005,0.8950934373059998,8.57,2.81,5.76,0.48784722222222227,10.24,4.97,76.69856870229007,Normal
357,100.0,359.9135,-375.1195,0.9594635842711455,8.58,2.81,5.77,0.4870017331022531,9.98,4.77,75.32520080321285,Normal
358,100.0,360.1065,-393.2125,0.9158063388117113,8.57,2.81,5.76,0.48784722222222227,10.11,4.84,76.94960861056752,Normal
359,100.0,359.68,-384.3815,0.9357370216828853,8.58,2.81,5.77,0.4870017331022531,9.98,4.77,77.18504016064257,Normal
360,100.0,359.6395,-365.8445,0.9830392420823602,8.57,2.8,5.77,0.4852686308492201,9.98,4.84,73.46275100401606,Normal
361,100.0,360.134,-399.61,0.9012136833412577,8.57,2.81,5.76,0.48784722222222227,10.18,4.97,77.14478764478766,Normal
362,100.0,359.8355,-383.9845,0.9371094406154415,8.58,2.81,5.77,0.4870017331022531,9.98,4.84,77.10532128514056,Normal
363,100.0,360.0705,-384.4805,0.9365117346653471,8.57,2.81,5.76,0.48784722222222227,9.98,4.84,77.20491967871486,Normal
364,100.0,359.975,-384.1665,0.9370286060861632,8.58,2.81,5.77,0.4870017331022531,9.98,4.77,77.14186746987951,Normal
365,100.0,359.635,-382.0745,0.9412693074256461,8.57,2.8,5.77,0.4852686308492201,9.98,4.84,76.72178714859437,Normal
366,100.0,360.0935,-385.463,0.9341843445414995,8.57,2.81,5.76,0.48784722222222227,10.05,4.84,76.32930693069306,Normal
367,100.0,359.67,-384.2295,0.9360811702381,8.58,2.81,5.77,0.4870017331022531,10.05,4.84,76.08504950495048,Normal
368,100.0,360.0255,-374.396,0.9616168441970534,8.57,2.81,5.76,0.48784722222222227,10.05,4.84,74.13782178217821,Normal
369,100.0,359.9185,-395.929,0.9090480869044703,8.58,2.81,5.77,0.4870017331022531,10.18,4.9,76.43416988416989,Normal
370,100.0,359.6785,-368.6675,0.9756175958010944,8.57,2.8,5.77,0.4852686308492201,9.98,4.84,74.02961847389558,Normal
371,100.0,360.184,-401.6385,0.8967865381431313,8.57,2.81,5.76,0.48784722222222227,10.24,4.97,76.64856870229008,Normal
372,100.0,359.787,-382.151,0.9414786301749831,8.58,2.81,5.77,0.4870017331022531,9.98,4.84,76.7371485943775,Normal
373,100.0,360.1265,-392.1125,0.9184264719946444,8.57,2.81,5.76,0.48784722222222227,10.11,4.84,76.7343444227006,Normal
374,100.0,360.011,-390.299,0.9223979564385254,8.58,2.81,5.77,0.4870017331022531,10.05,4.84,77.2869306930693,Normal
375,100.0,359.5895,-381.9905,0.941357180348726,8.57,2.8,5.77,0.4852686308492201,10.05,4.84,75.64168316831682,Normal
376,100.0,360.38,-390.606,0.9226176761237667,8.57,2.81,5.76,0.48784722222222227,10.11,4.84,76.43953033268103,Normal
377,100.0,359.7865,-385.1155,0.9342301205742173,8.58,2.81,5.77,0.4870017331022531,10.05,4.84,76.26049504950494,Normal
378,100.0,360.2355,-383.965,0.9381987941609262,8.57,2.81,5.76,0.48784722222222227,10.05,4.84,76.03267326732671,Normal
379,100.0,359.5715,-386.769,0.9296802484170138,8.58,2.81,5.77,0.4870017331022531,10.05,4.84,76.5879207920792,Normal
380,100.0,359.6875,-380.204,0.9460381795036349,8.57,2.8,5.77,0.4852686308492201,10.05,4.84,75.2879207920792,Normal
381,100.0,360.113,-387.518,0.9292807043801837,8.57,2.81,5.76,0.48784722222222227,10.11,4.84,75.83522504892368,Normal
382,100.0,359.9105,-384.2235,0.9367217257663834,8.58,2.81,5.77,0.4870017331022531,10.05,4.84,76.08386138613861,Normal
383,100.0,360.0595,-379.2025,0.9495177378841121,8.57,2.81,5.76,0.48784722222222227,10.05,4.84,75.08960396039603,Normal
384,100.0,359.597,-383.3145,0.9381252209347676,8.58,2.81,5.77,0.4870017331022531,10.05,4.84,75.9038613861386,Normal
385,100.0,359.422,-383.749,0.9366070009302956,8.57,2.8,5.77,0.4852686308492201,10.05,4.84,75.989900990099,Normal
386,100.0,360.016,-387.544,0.928968065561588,8.57,2.81,5.76,0.48784722222222227,10.05,4.84,76.74138613861385,Normal
387,100.0,359.7555,-385.774,0.9325550711038069,8.58,2.81,5.77,0.4870017331022531,10.05,4.84,76.3908910891089,Normal
388,100.0,359.968,-387.9715,0.9278207290999468,8.57,2.81,5.76,0.48784722222222227,10.05,4.84,76.82603960396038,Normal
389,100.0,359.826,-384.1055,0.9367895018425928,8.58,2.81,5.77,0.4870017331022531,10.05,4.84,76.06049504950494,Normal
390,100.0,359.449,-370.2005,0.9709576297168697,8.57,2.8,5.77,0.4852686308492201,9.98,4.84,74.33744979919678,Normal
391,100.0,359.887,-393.651,0.9142285933479147,8.57,2.81,5.76,0.48784722222222227,10.18,4.9,75.99440154440155,Normal
392,100.0,359.5275,-386.3035,0.9306866233414919,8.58,2.81,5.77,0.4870017331022531,10.05,4.84,76.4957425742574,Normal
393,100.0,360.074,-384.762,0.935835659446619,8.57,2.81,5.76,0.48784722222222227,9.98,4.84,77.26144578313253,Normal
394,100.0,359.873,-161.8565,2.2234077716990046,8.58,2.81,5.77,0.4870017331022531,10.05,4.84,32.050792079207916,Bronch
395,100.0,359.7285,-4.089,87.97468818782097,8.57,2.8,5.77,0.4852686308492201,7.9,3.41,1.41,Bronch
396,100.0,360.274,-260.86,1.381100973702369,8.57,2.81,5.76,0.48784722222222227,11.22,4.9,41.938906752411576,Bronch
397,100.0,359.7175,-145.5045,2.4722087633028527,8.58,2.81,5.77,0.4870017331022531,12.84,4.84,18.559247448979594,Bronch
398,100.0,360.1685,-3.4885,103.24451770101763,8.57,2.81,5.76,0.48784722222222227,9.33,4.38,0.8056581986143188,Bronch
399,100.0,360.2965,-177.137,2.0339991080350237,8.58,2.81,5.77,0.4870017331022531,11.02,4.71,29.424750830564786,Bronch
400,100.0,359.9445,-131.2025,2.743427145062023,8.57,2.8,5.77,0.4852686308492201,9.92,4.58,26.667174796747965,Bronch
401,100.0,360.097,-146.5245,2.457589003886722,8.57,2.81,5.76,0.48784722222222227,9.85,4.9,30.211237113402063,Bronch
402,100.0,360.3585,-224.2795,1.6067384669575238,8.58,2.81,5.77,0.4870017331022531,10.96,4.77,37.63078859060403,Bronch
403,100.0,360.0185,-242.114,1.486979274226191,8.57,2.81,5.76,0.48784722222222227,10.18,4.71,46.74015444015444,Bronch
404,100.0,359.676,-135.023,2.6638128318879004,8.58,2.81,5.77,0.4870017331022531,11.93,4.71,19.483838383838386,Bronch
405,100.0,359.392,-105.73,3.3991487751820673,8.57,2.8,5.77,0.4852686308492201,8.94,4.25,26.835025380710665,Bronch
406,100.0,360.075,-76.636,4.698509838718096,8.58,2.81,5.77,0.4870017331022531,9.98,4.58,15.38875502008032,Bronch
407,100.0,359.7535,-9.4955,37.88673582223158,7.51,2.8,4.71,0.5944798301486199,10.11,4.32,1.858219178082192,Noise
408,100.0,360.289,123.815,-2.9098978314420707,6.71,2.81,3.9,0.7205128205128205,7.9,1.97,-42.69482758620689,Noise
409,100.0,360.4555,189.7605,-1.8995286163348009,8.58,2.81,5.77,0.4870017331022531,6.53,2.04,-124.02647058823528,Bronch
410,100.0,359.9505,-71.661,5.022962280738477,8.57,2.8,5.77,0.4852686308492201,8.87,3.27,18.517054263565896,Bronch
411,100.0,359.8205,-155.876,2.308376530062357,8.57,2.81,5.76,0.48784722222222227,10.44,4.97,28.653676470588238,Bronch
412,100.0,359.9005,-113.1495,3.1807520139284753,8.58,2.81,5.77,0.4870017331022531,11.48,4.71,17.46134259259259,Bronch
413,100.0,360.447,-278.547,1.2940257837995024,8.57,2.81,5.76,0.48784722222222227,11.02,4.64,46.2702657807309,Bronch
414,100.0,359.803,-73.937,4.866345672667271,8.58,2.81,5.77,0.4870017331022531,10.11,4.84,14.46908023483366,Bronch
415,100.0,360.1745,-144.103,2.499424023094592,8.57,2.81,5.76,0.48784722222222227,7.7,2.82,53.37148148148148,Bronch
416,100.0,359.913,-305.5615,1.177874175902396,8.58,2.81,5.77,0.4870017331022531,10.11,4.77,59.796771037182005,Noise
417,100.0,359.4265,-322.4505,1.1146718643636775,8.57,2.8,5.77,0.4852686308492201,10.31,4.84,60.725141242937845,Noise
418,100.0,401.9415,-361.95,1.110489017820141,8.57,2.81,5.76,0.48784722222222227,11.02,4.9,60.12458471760797,Recruitment
419,100.0,559.558,-485.3365,1.1529279170225195,8.58,2.81,5.77,0.4870017331022531,13.56,4.84,56.69818925233645,Recruitment
420,100.0,658.1985,-589.3965,1.1167329632938099,8.57,2.8,5.77,0.4852686308492201,16.16,4.77,52.813306451612895,Recruitment
421,100.0,747.767,-683.1075,1.0946549408402046,8.57,2.81,5.76,0.48784722222222227,19.09,4.84,48.481724627395316,Recruitment
422,100.0,747.8495,-513.282,1.4569953748621616,28.91,23.14,5.77,4.010398613518198,19.61,4.84,35.13223819301849,InPause
423,100.0,748.5955,-744.9045,1.004954997586939,8.57,2.81,5.76,0.48784722222222227,19.68,4.84,50.74281335149864,Recruitment
424,100.0,747.529,-528.6345,1.414075320471895,30.39,24.62,5.77,4.2668977469670715,19.68,4.84,36.01052452316076,InPause
425,100.0,748.1435,-746.7595,1.0018533410020227,8.57,2.81,5.76,0.48784722222222227,19.61,4.84,51.11290212183436,Recruitment
426,100.0,688.587,-691.0635,0.9964163929942762,8.58,2.81,5.77,0.4870017331022531,17.34,4.84,56.001904376012966,Recruitment
427,100.0,559.7665,-563.811,0.9928264968225167,8.57,2.81,5.76,0.48784722222222227,13.17,4.84,69.00991432068544,Recruitment
428,100.0,462.094,-467.809,0.9877834757347549,8.58,2.81,5.77,0.4870017331022531,11.02,4.84,77.7091362126246,Recruitment
429,100.0,360.4455,-362.0185,0.9956549181878825,8.57,2.81,5.76,0.48784722222222227,9.2,4.84,86.19488095238097,Normal
430,100.0,360.334,-337.402,1.067966402096016,8.58,2.81,5.77,0.4870017331022531,9.2,4.84,80.33380952380953,Normal
431,100.0,359.633,-361.5055,0.9948202724439877,8.57,2.8,5.77,0.4852686308492201,9.33,4.9,83.48856812933025,Normal
432,100.0,359.9035,-343.437,1.0479462026514323,8.57,2.81,5.76,0.48784722222222227,9.2,4.84,81.7707142857143,Normal
433,100.0,359.264,-357.515,1.0048921024292687,8.58,2.81,5.77,0.4870017331022531,9.33,4.84,82.56697459584295,Normal
434,100.0,359.867,-346.952,1.0372241693375452,8.57,2.81,5.76,0.48784722222222227,9.2,4.77,82.60761904761907,Normal
435,100.0,359.8935,-333.906,1.077828790138542,8.58,2.81,5.77,0.4870017331022531,9.26,4.77,78.38169014084508,Normal
436,100.0,359.526,-353.4245,1.017263941803695,8.57,2.8,5.77,0.4852686308492201,9.39,4.9,80.50671981776765,Normal
437,100.0,360.102,-337.2575,1.0677360770331275,8.57,2.81,5.76,0.48784722222222227,9.33,4.84,77.88856812933025,Normal
438,100.0,359.519,-350.246,1.0264756770955272,8.58,2.81,5.77,0.4870017331022531,9.39,4.9,79.78268792710705,Normal
439,100.0,360.2865,-354.8085,1.015439314447089,8.57,2.81,5.76,0.48784722222222227,9.33,4.84,81.9419168591224,Normal
440,100.0,359.839,-333.0195,1.0805343230651658,8.58,2.81,5.77,0.4870017331022531,9.26,4.84,78.17359154929578,Normal
441,100.0,359.5935,-359.135,1.001276678686288,8.57,2.8,5.77,0.4852686308492201,9.46,4.9,80.52354260089685,Normal
442,100.0,360.046,-332.2305,1.0837234991970934,8.57,2.81,5.76,0.48784722222222227,9.33,4.84,76.72759815242495,Normal
443,100.0,359.91,-347.201,1.036604157246091,8.58,2.81,5.77,0.4870017331022531,9.46,4.9,77.84775784753363,Normal
444,100.0,360.053,-357.912,1.0059819173428106,8.57,2.81,5.76,0.48784722222222227,9.46,4.9,80.24932735426007,Normal
445,100.0,359.8625,-335.192,1.0736011002649228,8.58,2.81,5.77,0.4870017331022531,9.33,4.84,77.41154734411086,Normal
446,100.0,359.71,-358.764,1.0026368308971914,8.57,2.8,5.77,0.4852686308492201,9.46,4.9,80.4403587443946,Normal
447,100.0,360.2985,-331.9885,1.0852740381067416,8.57,2.81,5.76,0.48784722222222227,9.33,4.77,76.6717090069284,Normal
448,100.0,360.014,-349.053,1.0314021079893312,8.58,2.81,5.77,0.4870017331022531,9.46,4.9,78.26300448430491,Normal
449,100.0,360.1535,-354.709,1.0153492017400179,8.57,2.81,5.76,0.48784722222222227,9.39,4.84,80.79931662870159,Normal
450,100.0,359.7775,-331.1675,1.086391327651415,8.58,2.81,5.77,0.4870017331022531,9.33,4.77,76.48210161662819,Normal
451,100.0,359.619,-359.971,0.9990221434504447,8.57,2.8,5.77,0.4852686308492201,9.52,4.9,79.63960176991151,Normal
452,100.0,360.119,-332.8115,1.0820509507634202,8.57,2.81,5.76,0.48784722222222227,9.33,4.84,76.86177829099307,Normal
453,100.0,359.639,-345.179,1.041891308567439,8.58,2.81,5.77,0.4870017331022531,9.46,4.9,77.39439461883406,Normal
454,100.0,359.84,-349.223,1.0304017776606924,8.57,2.81,5.76,0.48784722222222227,9.46,4.9,78.30112107623317,Normal
455,100.0,355.963,-311.4905,1.1427732145924194,6.67,2.81,3.86,0.727979274611399,9.33,4.84,71.93775981524249,Assessment
456,100.0,506.4795,-466.11,1.086609384050975,6.0,2.81,3.19,0.8808777429467085,12.71,4.97,60.45525291828793,Assessment
457,100.0,506.1495,-499.7125,1.0128814068089151,6.01,2.81,3.2,0.8781249999999999,13.24,5.03,60.644720873786405,Assessment
458,100.0,506.78,-506.705,1.0001480151172772,6.0,2.8,3.2,0.8749999999999999,13.5,5.1,59.61235294117647,Assessment
459,100.0,506.1155,-502.62,1.0069545581154749,6.0,2.81,3.19,0.8808777429467085,13.5,5.1,59.131764705882354,Assessment
460,100.0,506.514,-499.164,1.0147246195639108,6.0,2.81,3.19,0.8808777429467085,13.63,5.1,57.84055619930474,Assessment
461,100.0,505.72,-504.6835,1.0020537624075287,6.0,2.81,3.19,0.8808777429467085,13.76,5.1,57.61227168949772,Assessment
462,100.0,506.301,-500.306,1.0119826666080358,6.01,2.81,3.2,0.8781249999999999,13.82,5.1,56.72403628117913,Assessment
463,100.0,505.413,-503.434,1.0039310018790943,6.0,2.8,3.2,0.8749999999999999,13.89,5.1,56.629246344206976,Assessment
464,100.0,505.9955,-500.561,1.0108568186494753,6.0,2.81,3.19,0.8808777429467085,13.89,5.03,56.3060742407199,Assessment
465,100.0,506.337,-503.214,1.006206107143283,6.0,2.81,3.19,0.8808777429467085,13.95,5.1,56.2250279329609,Assessment
466,100.0,506.976,-503.5555,1.0067926971307035,6.0,2.81,3.19,0.8808777429467085,14.08,5.1,55.45765418502202,Assessment
467,100.0,506.1945,-500.0015,1.0123859628421115,6.01,2.81,3.2,0.8781249999999999,14.08,5.1,55.06624449339207,Assessment
468,100.0,505.968,-504.6985,1.0025153631326424,6.0,2.8,3.2,0.8749999999999999,14.15,5.1,55.15830601092896,Assessment
469,100.0,506.966,-498.442,1.0171012876121996,6.0,2.81,3.19,0.8808777429467085,14.15,5.03,54.47453551912568,Assessment
470,100.0,506.495,-502.9575,1.0070333974540593,6.0,2.81,3.19,0.8808777429467085,14.28,5.1,54.198006465517246,Assessment
471,100.0,505.557,-498.9875,1.0131656604624364,6.0,2.81,3.19,0.8808777429467085,14.28,5.03,53.77020474137932,Assessment
472,100.0,505.601,-498.764,1.0137078858939297,6.01,2.81,3.2,0.8781249999999999,14.34,5.1,53.40085653104925,Assessment
473,100.0,506.064,-503.4615,1.0051692135346992,6.0,2.8,3.2,0.8749999999999999,14.41,5.03,53.50281615302869,Assessment
474,100.0,506.6345,-497.463,1.0184365470396792,6.0,2.81,3.19,0.8808777429467085,14.41,5.1,52.8653560042508,Assessment
475,100.0,505.7605,-504.6395,1.0022213877431314,6.0,2.81,3.19,0.8808777429467085,14.47,5.1,53.28822597676874,Assessment
476,100.0,506.458,-500.1705,1.0125707133867352,6.0,2.81,3.19,0.8808777429467085,14.47,5.03,52.8163146779303,Assessment
477,100.0,506.309,-506.0675,1.0004772090679603,6.01,2.81,3.2,0.8781249999999999,14.6,5.1,52.71536458333333,Assessment
478,100.0,505.4995,-502.496,1.0059771620072597,6.0,2.8,3.2,0.8749999999999999,14.54,5.03,52.67253668763103,Assessment
479,100.0,506.0875,-502.3955,1.0073487919378257,6.0,2.81,3.19,0.8808777429467085,14.54,5.1,52.66200209643607,Assessment
480,100.0,505.6275,-507.0365,0.9972211073561765,6.0,2.81,3.19,0.8808777429467085,14.6,5.03,52.81630208333333,Assessment
481,100.0,505.7835,-502.42,1.0066945981449782,6.0,2.81,3.19,0.8808777429467085,14.6,5.03,52.33541666666667,Assessment
482,100.0,506.4715,-468.545,1.0809452667299833,9.33,6.14,3.19,1.9247648902821315,14.73,5.1,48.15467625899281,InPause
483,100.0,506.327,-515.5395,0.9821303702238141,6.0,2.81,3.19,0.8808777429467085,14.86,5.1,52.28595334685598,Assessment
484,100.0,506.3715,-467.5865,1.0829472193914924,13.78,7.05,6.73,1.0475482912332836,14.8,5.1,47.712908163265304,InPause
485,100.0,503.95,-512.1145,0.9840572762536502,6.0,2.81,3.19,0.8808777429467085,14.86,5.49,51.93859026369169,Assessment
486,100.0,505.7655,-499.9815,1.011568428031837,6.0,2.81,3.19,0.8808777429467085,14.67,5.03,51.70439503619441,Assessment
487,100.0,506.1625,-506.7285,0.9988830310511448,6.01,2.81,3.2,0.8781249999999999,14.8,5.03,51.70698979591836,Assessment
488,100.0,506.0895,-503.785,1.0045743720039302,6.0,2.8,3.2,0.8749999999999999,14.8,5.03,51.40663265306122,Assessment
489,100.0,505.926,-500.5005,1.01084014901084,6.0,2.81,3.19,0.8808777429467085,14.8,5.1,51.07147959183673,Assessment
490,100.0,506.4915,-507.234,0.9985361785684713,6.0,2.81,3.19,0.8808777429467085,14.86,5.03,51.44361054766734,Assessment
491,100.0,505.5475,-499.043,1.0130339469745093,6.0,2.81,3.19,0.8808777429467085,14.8,5.03,50.92275510204081,Assessment
492,100.0,505.4405,-504.8255,1.0012182427393228,6.01,2.81,3.2,0.8781249999999999,14.93,5.1,50.838418932527695,Assessment
493,100.0,505.9395,-499.3895,1.0131160146538924,6.0,2.8,3.2,0.8749999999999999,14.8,5.03,50.958112244897954,Assessment
494,100.0,506.2105,-503.2675,1.0058477847268104,6.0,2.81,3.19,0.8808777429467085,14.93,5.1,50.68152064451158,Assessment
495,100.0,505.8785,-505.911,0.9999357594517613,6.0,2.81,3.19,0.8808777429467085,14.99,5.03,50.64174174174174,Assessment
496,100.0,506.6185,-499.7745,1.013694176073409,6.0,2.81,3.19,0.8808777429467085,14.99,5.1,50.027477477477476,Assessment
497,100.0,505.4215,-505.9895,0.9988774470616484,6.01,2.81,3.2,0.8781249999999999,14.99,5.03,50.649599599599604,Assessment
498,100.0,506.1585,-500.899,1.0105001207828326,6.0,2.8,3.2,0.8749999999999999,14.93,5.1,50.44300100704935,Assessment
499,100.0,506.4355,-506.3605,1.0001481158186707,6.0,2.81,3.19,0.8808777429467085,14.99,5.1,50.686736736736734,Assessment
500,100.0,506.35,-500.8345,1.0110126199373246,6.0,2.81,3.19,0.8808777429467085,14.93,5.03,50.4365055387714,Assessment
501,100.0,505.8745,-501.3535,1.0090175893855333,6.0,2.81,3.19,0.8808777429467085,14.99,5.1,50.185535535535536,Assessment
502,100.0,505.463,-502.3715,1.0061538124674667,6.01,2.81,3.2,0.8781249999999999,14.99,5.03,50.28743743743744,Assessment
503,100.0,505.9155,-500.2545,1.0113162400338227,6.0,2.81,3.19,0.8808777429467085,14.93,5.1,50.378096676737165,Assessment
504,100.0,506.134,-505.17,1.001908268503672,6.0,2.81,3.19,0.8808777429467085,15.06,5.1,50.215705765407556,Assessment
505,100.0,505.695,-498.94,1.0135387020483424,6.0,2.81,3.19,0.8808777429467085,14.93,5.03,50.245720040281974,Assessment
506,100.0,505.8705,-505.389,1.0009527314603206,6.01,2.81,3.2,0.8781249999999999,15.12,5.1,49.93962450592886,Assessment
507,100.0,506.699,-504.776,1.003809610599553,6.0,2.8,3.2,0.8749999999999999,15.12,5.1,49.879051383399215,Assessment
508,100.0,505.3425,-502.1975,1.006262476416151,6.0,2.8,3.2,0.8749999999999999,15.06,5.1,49.92022862823061,Assessment
509,100.0,505.771,-504.6885,1.0021448873909353,6.0,2.81,3.19,0.8808777429467085,15.06,5.1,50.16784294234592,Assessment
510,100.0,505.665,-498.046,1.0152977837388515,6.0,2.81,3.19,0.8808777429467085,14.99,5.03,49.854454454454455,Assessment
511,100.0,506.3475,-504.1405,1.0043777478698896,6.0,2.81,3.19,0.8808777429467085,15.19,5.1,49.47404317958783,Assessment
512,100.0,505.3815,-499.6615,1.011447750126836,6.01,2.81,3.2,0.8781249999999999,15.06,5.1,49.66814115308151,Assessment
513,100.0,505.968,-502.947,1.0060065971165948,6.0,2.81,3.19,0.8808777429467085,15.19,5.1,49.35691854759568,Assessment
514,100.0,506.436,-504.1575,1.0045194210142663,6.0,2.81,3.19,0.8808777429467085,15.12,5.1,49.8179347826087,Assessment
515,100.0,505.8155,-501.2,1.0092088986432561,6.0,2.81,3.19,0.8808777429467085,15.12,5.1,49.52569169960474,Assessment
516,100.0,505.7775,-503.713,1.004098564063266,6.01,2.81,3.2,0.8781249999999999,15.19,5.1,49.43209028459274,Assessment
517,100.0,506.708,-500.1705,1.0130705429448559,6.0,2.8,3.2,0.8749999999999999,15.19,5.1,49.08444553483808,Assessment
518,100.0,505.3105,-504.663,1.0012830344209898,6.0,2.8,3.2,0.8749999999999999,15.25,5.1,49.235414634146345,Assessment
519,100.0,505.728,-501.1555,1.0091239146332824,6.0,2.81,3.19,0.8808777429467085,15.12,5.1,49.52129446640317,Assessment
520,100.0,506.5645,-502.161,1.008769099950016,6.0,2.81,3.19,0.8808777429467085,15.19,5.1,49.279784102060844,Assessment
521,100.0,505.5725,-502.0305,1.0070553482308344,6.0,2.81,3.19,0.8808777429467085,15.25,5.1,48.97858536585366,Assessment
522,100.0,505.6705,-498.0585,1.0152833452295262,6.01,2.81,3.2,0.8781249999999999,15.19,5.1,48.87718351324828,Assessment
523,100.0,505.975,-505.1595,1.0016143416089374,6.0,2.81,3.19,0.8808777429467085,15.25,5.1,49.283853658536586,Assessment
524,100.0,505.902,-498.8505,1.0141354975087726,6.0,2.81,3.19,0.8808777429467085,15.12,5.1,49.29352766798419,Assessment
525,100.0,505.8515,-504.516,1.0026470914698442,6.0,2.81,3.19,0.8808777429467085,15.32,5.16,48.88720930232558,Assessment
526,100.0,505.6905,-497.922,1.0156018412522443,6.01,2.81,3.2,0.8781249999999999,15.19,5.1,48.86378802747792,Assessment
527,100.0,505.2725,-499.113,1.0123408927437274,6.0,2.8,3.2,0.8749999999999999,15.25,5.1,48.69395121951219,Assessment
528,100.0,506.1985,-501.821,1.0087232299963533,6.0,2.81,3.19,0.8808777429467085,15.25,5.1,48.95814634146342,Assessment
529,100.0,505.768,-496.8015,1.0180484559728584,6.0,2.81,3.19,0.8808777429467085,15.19,5.1,48.753827281648675,Assessment
530,100.0,505.82,-501.331,1.008954164015391,6.0,2.81,3.19,0.8808777429467085,15.32,5.03,48.57858527131783,Assessment
531,100.0,506.429,-498.8875,1.0151166345117888,6.01,2.81,3.2,0.8781249999999999,15.25,5.1,48.671951219512195,Assessment
532,100.0,506.219,-502.099,1.008205553088136,6.0,2.8,3.2,0.8749999999999999,15.32,5.1,48.65300387596899,Assessment
533,100.0,505.979,-500.774,1.0103939102269686,6.0,2.81,3.19,0.8808777429467085,15.25,5.1,48.856,Assessment
534,100.0,506.537,-498.3795,1.016368048846311,6.0,2.81,3.19,0.8808777429467085,15.25,5.1,48.62239024390244,Assessment
535,100.0,506.325,-502.4655,1.0076811243757033,6.0,2.81,3.19,0.8808777429467085,15.38,5.1,48.40708092485549,Assessment
536,100.0,505.752,-498.469,1.014610738080001,6.01,2.81,3.2,0.8781249999999999,15.25,5.1,48.63112195121951,Assessment
537,100.0,505.3945,-505.213,1.000359254413485,6.0,2.8,3.2,0.8749999999999999,15.25,5.1,49.28907317073171,Assessment
538,100.0,506.898,-502.2025,1.009349814069026,6.0,2.81,3.19,0.8808777429467085,15.32,5.03,48.66303294573643,Assessment
539,100.0,506.677,-503.3795,1.0065507236587903,6.0,2.81,3.19,0.8808777429467085,15.38,5.1,48.49513487475915,Assessment
540,100.0,505.5715,-504.233,1.0026545267763118,6.0,2.81,3.19,0.8808777429467085,15.38,5.1,48.57736030828516,Assessment
541,100.0,506.454,-499.846,1.013220071782109,6.01,2.81,3.2,0.8781249999999999,15.32,5.1,48.43468992248062,Assessment
542,100.0,505.3595,-506.8565,0.9970465013272989,6.0,2.8,3.2,0.8749999999999999,15.38,5.1,48.83010597302504,Assessment
543,100.0,505.93,-499.732,1.0124026478192312,6.0,2.81,3.19,0.8808777429467085,15.25,5.03,48.75434146341464,Assessment
544,100.0,506.479,-505.3755,1.002183524923547,6.0,2.81,3.19,0.8808777429467085,15.38,5.1,48.687427745664735,Assessment
545,100.0,505.6845,-501.6415,1.0080595405284452,6.0,2.81,3.19,0.8808777429467085,15.38,5.1,48.32769749518304,Assessment
546,100.0,505.948,-506.3355,0.9992346971523821,6.01,2.81,3.2,0.8781249999999999,15.71,5.1,47.27689075630252,Assessment
547,100.0,506.244,-556.087,0.9103683416443831,6.0,2.8,3.2,0.8749999999999999,15.38,5.1,53.57292870905587,Assessment
548,100.0,505.679,-537.04,0.9416039773573663,6.0,2.81,3.19,0.8808777429467085,15.38,4.84,51.73795761078998,Noise
549,100.0,506.3055,-519.1355,0.9752858357789055,6.0,2.81,3.19,0.8808777429467085,15.38,5.03,50.01305394990366,Noise
550,100.0,506.1375,-536.903,0.942698215506339,6.0,2.81,3.19,0.8808777429467085,14.08,5.1,59.13028634361233,Noise
551,100.0,506.3095,-444.753,1.1384060366090842,6.01,2.81,3.2,0.8781249999999999,13.63,4.84,51.53568945538817,Noise
552,100.0,505.2375,-502.5125,1.005422750677844,6.0,2.8,3.2,0.8749999999999999,14.67,5.03,51.96613236814891,Assessment
553,100.0,505.93,-503.9135,1.0040016788595663,6.0,2.81,3.19,0.8808777429467085,14.67,5.03,52.111013443640125,Assessment
554,100.0,505.5665,-554.8055,0.9112499785961026,6.0,2.81,3.19,0.8808777429467085,15.64,5.23,52.14337406015038,Noise
555,100.0,505.844,-520.693,0.9714822361737147,6.0,2.81,3.19,0.8808777429467085,14.21,4.9,56.53561346362648,Assessment
556,100.0,506.4215,-476.4545,1.0628958274084934,6.01,2.81,3.2,0.8781249999999999,14.93,5.03,47.9813192346425,Assessment
557,100.0,505.8245,-518.076,0.9763519252001637,6.0,2.8,3.2,0.8749999999999999,15.12,5.03,51.193280632411074,Noise
558,100.0,506.365,-544.4785,0.9299999908169009,6.0,2.81,3.19,0.8808777429467085,16.16,4.9,48.788396057347676,Noise
559,100.0,506.7855,-438.7775,1.1549942738631767,6.0,2.81,3.19,0.8808777429467085,13.24,4.77,53.24969660194174,Assessment
560,100.0,505.591,-480.208,1.0528583447172892,6.0,2.81,3.19,0.8808777429467085,14.67,5.03,49.65956566701138,Assessment
561,100.0,505.3595,-490.068,1.0312028126708948,6.01,2.81,3.2,0.8781249999999999,14.99,5.03,49.05585585585585,Assessment
562,100.0,506.1615,-493.621,1.0254051185018467,6.0,2.8,3.2,0.8749999999999999,15.19,4.97,48.44170755642787,Assessment
563,100.0,508.523,-493.5665,1.0303029075109433,6.0,2.81,3.19,0.8808777429467085,15.19,5.03,48.43635917566242,Assessment
564,100.0,511.246,-495.918,1.030908335652265,6.0,2.81,3.19,0.8808777429467085,15.19,5.03,48.66712463199215,Assessment
565,100.0,508.6405,-509.3225,0.9986609662836414,8.58,2.81,5.77,0.4870017331022531,15.19,5.03,49.98258096172719,Noise
566,100.0,359.702,-355.814,1.0109270573951559,8.57,2.8,5.77,0.4852686308492201,10.11,4.77,69.63091976516635,Normal
567,100.0,360.308,-321.707,1.1199880636728452,8.57,2.81,5.76,0.48784722222222227,10.05,4.77,63.704356435643554,Normal
568,100.0,359.9395,-322.0485,1.117656191536368,8.58,2.81,5.77,0.4870017331022531,9.98,4.71,64.66837349397589,Normal
569,100.0,360.119,-325.581,1.1060811288127994,8.57,2.81,5.76,0.48784722222222227,10.05,4.71,64.47148514851484,Normal
570,100.0,359.5455,-317.039,1.1340734105267807,8.58,2.81,5.77,0.4870017331022531,10.05,4.71,62.77999999999999,Normal
571,100.0,359.79,-332.7495,1.0812638336045584,8.57,2.8,5.77,0.4852686308492201,10.18,4.77,64.23735521235521,Normal
572,100.0,360.24,-327.921,1.0985572744654963,8.57,2.81,5.76,0.48784722222222227,10.05,4.71,64.9348514851485,Normal
573,100.0,359.63,-327.4535,1.0982628067801992,8.58,2.81,5.77,0.4870017331022531,10.05,4.71,64.84227722772276,Normal
574,100.0,359.8465,-332.4485,1.0824127646838533,8.57,2.81,5.76,0.48784722222222227,10.11,4.71,65.05841487279845,Normal
575,100.0,359.618,-329.651,1.0909052300766569,8.58,2.81,5.77,0.4870017331022531,10.11,4.71,64.5109589041096,Normal
576,100.0,359.458,-334.805,1.0736339063036693,8.57,2.8,5.77,0.4852686308492201,10.11,4.71,65.51956947162428,Normal
577,100.0,360.032,-330.6005,1.0890243662668386,8.57,2.81,5.76,0.48784722222222227,10.05,4.71,65.46544554455444,Normal
578,100.0,359.7435,-330.0495,1.089968322933378,8.58,2.81,5.77,0.4870017331022531,10.05,4.71,65.35633663366336,Normal
579,100.0,359.997,-342.376,1.0514668084211511,8.57,2.81,5.76,0.48784722222222227,10.18,4.77,66.0957528957529,Normal
580,100.0,359.5545,-339.827,1.0580515968419226,8.58,2.81,5.77,0.4870017331022531,10.11,4.71,66.50234833659492,Normal
581,100.0,359.5465,-343.669,1.046199977303743,8.57,2.8,5.77,0.4852686308492201,10.11,4.71,67.25420743639923,Normal
582,100.0,360.1595,-335.3175,1.0740850089840226,8.57,2.81,5.76,0.48784722222222227,10.05,4.71,66.39950495049504,Normal
583,100.0,359.8505,-333.1915,1.0800110446995197,8.58,2.81,5.77,0.4870017331022531,10.18,4.77,64.3226833976834,Normal
584,100.0,359.7435,-355.8705,1.0108831723899565,8.57,2.81,5.76,0.48784722222222227,10.31,4.84,67.01892655367232,Normal
585,100.0,359.774,-346.638,1.0378954413538044,8.58,2.81,5.77,0.4870017331022531,10.11,4.71,67.83522504892368,Normal
586,100.0,359.377,-343.5215,1.046155771909473,8.57,2.8,5.77,0.4852686308492201,10.11,4.71,67.22534246575343,Normal
587,100.0,360.081,-343.275,1.0489578326414684,8.57,2.81,5.76,0.48784722222222227,10.05,4.71,67.97524752475246,Normal
588,100.0,359.7065,-344.606,1.0438196084804094,8.58,2.81,5.77,0.4870017331022531,10.11,4.71,67.4375733855186,Normal
589,100.0,360.1405,-345.232,1.0431840038003428,8.57,2.81,5.76,0.48784722222222227,10.11,4.71,67.5600782778865,Normal
590,100.0,359.6575,-345.7325,1.0402768035981576,8.58,2.81,5.77,0.4870017331022531,10.11,4.71,67.65802348336597,Normal
591,100.0,359.2945,-344.638,1.0425272314718634,8.57,2.8,5.77,0.4852686308492201,10.05,4.71,68.24514851485146,Normal
592,100.0,359.7375,-341.9825,1.051917861294072,8.57,2.81,5.76,0.48784722222222227,10.05,4.71,67.71930693069307,Normal
593,100.0,359.579,-336.442,1.0687696542048852,8.58,2.81,5.77,0.4870017331022531,10.11,4.71,65.83992172211352,Normal
594,100.0,360.107,-338.8215,1.0628221644730338,8.57,2.81,5.76,0.48784722222222227,10.24,4.84,64.66059160305343,Normal
595,100.0,359.8045,-344.2545,1.0451700703984987,8.58,2.81,5.77,0.4870017331022531,10.31,4.84,64.83135593220338,Normal
596,100.0,359.93,-345.605,1.041449053109764,8.57,2.8,5.77,0.4852686308492201,10.37,4.84,64.35847299813781,Normal
597,100.0,359.6355,-350.2755,1.0267218232505555,8.57,2.81,5.76,0.48784722222222227,10.31,4.84,65.96525423728814,Normal
598,100.0,359.8175,-351.2845,1.0242908525710643,8.58,2.81,5.77,0.4870017331022531,10.18,4.77,67.81554054054054,Normal
599,100.0,360.2765,-348.1085,1.034954619034008,8.57,2.81,5.76,0.48784722222222227,10.11,4.71,68.12299412915851,Normal
600,100.0,360.0045,-345.171,1.0429743518429997,8.58,2.81,5.77,0.4870017331022531,10.11,4.71,67.5481409001957,Normal
601,100.0,360.05,-347.893,1.034944652522471,8.57,2.81,5.76,0.48784722222222227,10.11,4.71,68.08082191780822,Normal
602,100.0,359.897,-344.619,1.0443330170420086,8.58,2.81,5.77,0.4870017331022531,10.05,4.71,68.24138613861386,Normal
603,100.0,359.8405,-333.95,1.0775280730648302,8.57,2.8,5.77,0.4852686308492201,10.11,4.71,65.3522504892368,Normal
604,100.0,360.2165,-339.7125,1.0603569194539502,8.57,2.81,5.76,0.48784722222222227,10.24,4.84,64.83062977099236,Normal
605,100.0,359.815,-360.073,0.999283478627945,8.58,2.81,5.77,0.4870017331022531,10.31,4.84,67.81035781544256,Normal
606,100.0,359.309,-347.704,1.0333760900075928,8.57,2.8,5.77,0.4852686308492201,10.11,4.71,68.04383561643837,Normal
607,100.0,359.7995,-347.645,1.0349623897941866,8.57,2.81,5.76,0.48784722222222227,10.11,4.71,68.03228962818004,Normal
608,100.0,359.852,-346.858,1.0374620161564674,8.58,2.81,5.77,0.4870017331022531,10.11,4.71,67.87827788649707,Normal
609,100.0,360.0725,-347.772,1.035369437447523,8.57,2.81,5.76,0.48784722222222227,10.11,4.71,68.05714285714286,Normal
610,100.0,359.7925,-348.6525,1.0319515850309406,8.58,2.81,5.77,0.4870017331022531,10.18,4.71,67.30743243243244,Normal
611,100.0,359.8115,-346.447,1.038575886066267,8.57,2.81,5.76,0.48784722222222227,10.11,4.71,67.79784735812134,Normal
612,100.0,360.1595,-345.234,1.043232995591396,8.58,2.81,5.77,0.4870017331022531,10.11,4.71,67.56046966731898,Normal
613,100.0,359.705,-345.692,1.040536084144267,8.57,2.8,5.77,0.4852686308492201,10.18,4.71,66.73590733590734,Normal
614,100.0,360.14,-346.6725,1.0388479040016152,8.57,2.81,5.76,0.48784722222222227,10.11,4.71,67.84197651663406,Normal
615,100.0,359.7265,-345.3615,1.0415940977787044,8.58,2.81,5.77,0.4870017331022531,10.18,4.71,66.67210424710424,Normal
616,100.0,359.538,-350.63,1.0254056983144626,8.57,2.8,5.77,0.4852686308492201,10.18,4.71,67.6891891891892,Normal
617,100.0,359.9405,-343.6865,1.0472930999617382,8.57,2.81,5.76,0.48784722222222227,10.18,4.71,66.34874517374519,Normal
618,100.0,359.6665,-337.9025,1.064409112095945,8.58,2.81,5.77,0.4870017331022531,10.18,4.77,65.23214285714286,Normal
619,100.0,360.0885,-343.329,1.0488146937776885,8.57,2.81,5.76,0.48784722222222227,10.31,4.84,64.65706214689266,Normal
620,100.0,359.9695,-359.934,1.0000986291931298,8.58,2.81,5.77,0.4870017331022531,10.37,4.84,67.02681564245812,Normal
621,100.0,360.347,-335.8315,1.072999405952092,8.57,2.81,5.76,0.48784722222222227,10.24,4.77,64.08998091603053,Unvisited
622,100.0,360.0775,-360.74,0.9981634972556411,8.58,2.81,5.77,0.4870017331022531,10.44,4.9,66.31250000000001,Unvisited
623,100.0,359.48,-347.96,1.0331072537073227,8.57,2.8,5.77,0.4852686308492201,10.31,4.77,65.5291902071563,Unvisited
624,100.0,360.3545,-340.9,1.0570680551481373,8.57,2.81,5.76,0.48784722222222227,10.24,4.77,65.05725190839694,Unvisited
625,100.0,359.7895,-356.373,1.0095868654471578,8.58,2.81,5.77,0.4870017331022531,10.37,4.84,66.36368715083799,Unvisited
