Breath_num,P_peak,Dy_comp,Label
1,19.22,33.76146273,Normal
2,18.96,34.31733524,Normal
3,18.83,34.28058568,Normal
4,19.03,34.72362794,Normal
5,18.12,36.96219512,Normal
6,18.18,37.28581184,Normal
7,18.25,36.60573585,Normal
8,18.05,37.06586207,Normal
9,18.05,37.14509579,Normal
10,17.79,37.22881157,Normal
11,17.92,37.00773994,Normal
12,17.86,37.42134526,Normal
13,18.18,36.29218513,Normal
14,17.86,37.18036547,Normal
15,17.66,38.08917852,Normal
16,9.59,34.82222222,Noise
17,18.57,36.34340457,Normal
18,18.96,35.60397564,Normal
19,17.66,37.04553712,Normal
20,18.57,36.3536846,Normal
21,18.31,36.64290008,Normal
22,18.64,27.40326246,Noise
23,22.35,31.98760807,Noise
24,18.7,34.23043796,Normal
25,15.97,37.69366454,Bronch
26,17.79,38.80258014,Normal
27,15.97,41.82538742,Normal
28,13.95,38.10072626,Noise
29,8.22,3.227950311,Bronch
30,15.97,43.35200547,Normal
31,15.97,44.82388332,Normal
32,16.03,36.84351768,Noise
33,10.05,29.06564356,Bronch
34,15.71,38.73436041,Bronch
35,16.29,42.67728078,Bronch
36,15.38,36.86777457,Noise
37,9.2,27.11464286,Bronch
38,15.06,45.27554672,Bronch
39,15.32,46.34607558,Bronch
40,12.13,23.88927069,Bronch
41,16.95,35.84669456,Bronch
42,15.19,40.90480864,Bronch
43,15.64,40.37753759,Bronch
44,16.43,41.6864392,Bronch
45,14.41,39.90850159,Bronch
46,13.76,31.09046804,Bronch
47,15.06,46.03166004,Bronch
48,15.25,25.81136585,Bronch
49,11.48,-1.637962963,Noise
50,12.84,46.05038265,Bronch
51,14.86,43.21881339,Noise
52,10.76,27.77118056,Bronch
53,13.63,34.70787949,Bronch
54,13.5,28.64223529,Bronch
55,14.34,31.2633833,Bronch
56,14.99,38.58233233,Bronch
57,12.39,8.160013532,Bronch
58,14.47,24.42323126,Bronch
59,15.32,26.22330426,Bronch
60,13.76,25.26027397,Bronch
61,13.63,8.137079954,Bronch
62,10.63,0.161545293,Noise
63,7.77,-1.039891697,Noise
64,12.32,39.60409836,Bronch
65,14.34,47.44523555,Noise
66,9.39,-24.15626424,Bronch
67,12.78,42.66825193,Bronch
68,13.24,38.94993932,Bronch
69,14.08,41.40737885,Bronch
70,11.93,39.89235209,Bronch
71,13.04,31.10037313,Bronch
72,14.02,44.40820399,Bronch
73,13.43,46.1217675,Bronch
74,13.76,41.94063927,Bronch
75,12.52,54.55771277,Bronch
76,13.5,48.92223529,Bronch
77,11.54,26.00772171,Bronch
78,12.97,43.84598494,Bronch
79,14.08,31.53270925,Bronch
80,11.87,9.793959243,Bronch
81,8.48,-45.83692529,Bronch
82,10.37,-18.43789572,Bronch
83,14.02,36.9248337,Bronch
84,14.73,32.96361768,Bronch
85,13.82,31.14331066,Bronch
86,13.63,31.47415991,Bronch
87,13.04,8.136504975,Bronch
88,12.58,43.09689974,Bronch
89,12.84,14.33392857,Bronch
90,15.38,39.89263006,Bronch
91,11.22,11.32909968,Bronch
92,13.56,33.62079439,Bronch
93,9.07,-2.585012285,Noise
94,9,30.139875,Bronch
95,13.63,41.73667439,Noise
96,10.05,6.422376238,Bronch
97,14.47,46.24424498,Bronch
98,11.41,16.19212168,Bronch
99,12.97,16.95138018,Bronch
100,14.28,21.50894397,Bronch
101,10.89,-14.59040747,Bronch
102,13.1,24.19901235,Bronch
103,14.41,18.64872476,Bronch
104,14.21,29.15537459,Bronch
105,12.13,4.936255259,Bronch
106,10.44,-12.03648897,Bronch
107,10.57,11.35870736,Bronch
108,11.54,8.02087156,Bronch
109,12.91,18.844311,Bronch
110,11.09,24.38793103,Bronch
111,16.03,38.23281958,Bronch
112,15.06,50.86182903,Normal
113,10.96,-6.75192953,Noise
114,13.04,11.72070896,Bronch
115,12.26,0.319490358,Bronch
116,12.58,-4.235686016,Noise
117,10.05,-4.756435644,Noise
118,9.33,-37.02090069,Bronch
119,11.61,-21.89848714,Bronch
120,8.48,-21.68017241,Noise
121,10.44,-15.94099265,Bronch
122,9.59,-13.56917211,Bronch
123,8.48,-20.99798851,Bronch
124,8.03,-26.74768977,Bronch
125,9.85,-6.532164948,Bronch
126,11.09,-3.993021346,Bronch
127,11.09,-24.01297209,Bronch
128,10.5,-11.60527273,Bronch
129,8.81,-49.7515748,Bronch
130,9.26,-35.0193662,Bronch
131,9.72,-28.02404661,Bronch
132,10.96,-13.59479866,Bronch
133,13.56,19.65251168,Bronch
134,13.89,55.42587177,Bronch
135,13.56,56.57628505,Bronch
136,10.63,39.35772647,Bronch
137,12.19,8.374547983,Bronch
138,11.22,0.57170418,Bronch
139,10.24,-9.915648855,Bronch
140,9.85,-1.434020619,Bronch
141,11.35,-14.32086614,Bronch
142,9.52,-14.10265487,Bronch
143,13.5,45.80264706,Bronch
144,13.17,12.93580171,Bronch
145,10.57,34.85745063,Bronch
146,9.85,9.948041237,Bronch
147,10.31,-8.365442561,Bronch
148,13.37,28.50298686,Bronch
149,9.78,0.337970711,Bronch
150,11.48,7.226080247,Bronch
151,12.84,11.95306122,Bronch
152,12.84,43.87480867,Bronch
153,11.8,8.963970588,Bronch
154,11.35,17.51598425,Bronch
155,7.51,-56.70697211,Bronch
156,12.13,21.91837307,Bronch
157,9.2,-27.50559524,Bronch
158,12.65,17.99607843,Noise
159,7.96,-12.39239865,Noise
160,7.77,-4.722743682,Noise
161,9.07,-36.26793612,Bronch
162,12.06,11.17004249,Bronch
163,8.81,20.56102362,Bronch
164,13.3,52.4203012,Bronch
165,13.69,55.8443038,Recruitment
166,14.93,56.95352467,Recruitment
167,15.51,59.78843958,Recruitment
168,18.51,62.2780903,Recruitment
169,19.48,66.77828039,Recruitment
170,19.42,60.50228849,InPause
171,20.98,61.50944931,InPause
172,20.72,75.96284987,Recruitment
173,21.7,61.8947006,InPause
174,22.28,67.01004051,InPause
175,21.5,72.14542424,InPause
176,19.29,89.68212036,Recruitment
177,9.72,125.7941737,Bronch
178,9.72,115.4287076,Bronch
179,9.85,107.2912371,Normal
180,10.05,101.490198,Normal
181,10.18,99.03938224,Normal
182,10.31,95.00706215,Normal
183,10.44,93.02058824,Normal
184,10.57,91.96669659,Normal
185,10.76,88.89557292,Normal
186,10.76,88.87743056,Normal
187,10.89,86.36748727,Normal
188,10.96,85.64454698,Normal
189,10.96,85,Normal
190,10.96,83.91912752,Normal
191,11.09,83.04860427,Normal
192,11.09,83.1046798,Normal
193,11.09,82.68087028,Normal
194,11.22,81.02692926,Normal
195,11.22,81.12974277,Normal
196,11.22,81.80803859,Normal
197,11.28,80.81998408,Normal
198,11.28,80.30732484,Normal
199,11.28,80.29466561,Normal
200,11.35,78.88968504,Normal
201,11.41,78.98205928,Normal
202,11.41,78.61170047,Normal
203,11.41,79.24633385,Normal
204,11.48,78.47916667,Normal
205,11.41,78.75124805,Normal
206,11.41,79.175117,Normal
207,11.48,78.16859568,Normal
208,11.48,78.18796296,Normal
209,11.48,78.52631173,Normal
210,11.48,77.94236111,Normal
211,11.54,77.10772171,Normal
212,11.48,78.27785494,Normal
213,11.54,77.2030581,Normal
214,11.61,76.2903177,Normal
215,11.61,76.48857791,Normal
216,11.67,76.2607946,Normal
217,11.61,76.79402421,Normal
218,11.61,76.24341906,Normal
219,11.67,75.9970015,Normal
220,11.67,75.8065967,Normal
221,11.74,73.94310089,Normal
222,11.8,74.22286765,Normal
223,11.74,74.23078635,Normal
224,11.8,74.46566176,Normal
225,11.8,74.15036765,Normal
226,11.87,73.70982533,Normal
227,11.87,73.51768559,Normal
228,11.8,73.87330882,Normal
229,11.87,73.6213246,Normal
230,11.8,74.285,Normal
231,11.87,73.61972344,Normal
232,11.8,74.66875,Normal
233,11.8,74.11088235,Normal
234,11.87,73.92219796,Normal
235,11.8,74.22919118,Normal
236,11.87,73.39294032,Normal
237,11.8,74.05330882,Normal
238,14.47,62.01024287,Assessment
239,15.38,66.13318882,Assessment
240,15.45,65.57822967,Assessment
241,15.58,65.08284499,Assessment
242,15.51,63.59381541,Assessment
243,15.64,63.92546992,Assessment
244,15.77,63.44071495,Assessment
245,15.77,63.96601671,Assessment
246,15.84,64.14575646,Assessment
247,15.84,64.07338561,Assessment
248,15.9,64.45899083,Assessment
249,15.9,63.93165138,Assessment
250,15.97,64.22429353,Assessment
251,15.97,64.09329991,Assessment
252,15.97,64.1816773,Assessment
253,16.03,64.28173164,Assessment
254,16.16,63.14632616,Assessment
255,16.23,63.42542297,Assessment
256,16.16,63.15412186,Assessment
257,16.16,64.18543907,Assessment
258,16.1,63.96022523,Assessment
259,16.16,63.74619176,Assessment
260,16.16,63.79986559,Assessment
261,16.16,63.49251792,Assessment
262,16.16,64.24883513,Assessment
263,16.16,63.52213262,Assessment
264,16.29,63.07178919,Assessment
265,16.23,63.48829029,Assessment
266,16.29,62.86811337,Assessment
267,16.29,63.38498671,Assessment
268,16.23,63.21927872,Assessment
269,16.36,62.86866197,Assessment
270,16.36,62.58855634,Assessment
271,16.36,57.7621919,InPause
272,17.14,62.97953048,Assessment
273,16.1,63.95581081,Assessment
274,16.1,63.83432432,Assessment
275,16.23,63.77809439,Assessment
276,16.23,63.08401603,Assessment
277,16.23,63.74327694,Assessment
278,16.23,62.9460374,Assessment
279,16.23,63.45262689,Assessment
280,16.29,62.81935341,Assessment
281,16.29,63.08857396,Assessment
282,16.29,63.14344553,Assessment
283,16.36,62.64229754,Assessment
284,16.36,62.98538732,Assessment
285,16.36,62.7184419,Assessment
286,16.36,62.85352113,Assessment
287,16.36,62.61817782,Assessment
288,16.36,62.50585387,Assessment
289,16.36,62.91056338,Assessment
290,16.29,62.72936227,Assessment
291,16.36,62.89229754,Assessment
292,16.36,62.30286092,Assessment
293,16.43,62.23053368,Assessment
294,16.36,63.07979754,Assessment
295,16.29,63.00478299,Assessment
296,16.36,62.68014965,Assessment
297,16.36,62.21139965,Assessment
298,16.36,62.58512324,Assessment
299,16.49,62.12985205,Assessment
300,16.36,62.03472711,Assessment
301,16.43,62.63140857,Assessment
302,16.36,62.42808099,Assessment
303,16.43,62.48967629,Assessment
304,16.36,61.87103873,Assessment
305,16.43,62.27935258,Assessment
306,16.36,62.61043134,Assessment
307,16.36,62.20488556,Assessment
308,16.36,62.71932218,Assessment
309,16.36,61.92588028,Assessment
310,16.49,61.6105309,Assessment
311,16.36,62.31104754,Assessment
312,16.43,61.80419948,Assessment
313,16.49,62.36832028,Assessment
314,16.36,62.58098592,Assessment
315,16.36,63.23314261,Assessment
316,16.29,62.55221435,Assessment
317,16.43,62.50804899,Assessment
318,16.43,62.05091864,Assessment
319,16.43,61.9291776,Assessment
320,16.29,62.75283437,Assessment
321,16.29,62.32254207,Assessment
322,16.36,62.32139085,Assessment
323,16.43,61.45419948,Assessment
324,16.43,63.12887139,Assessment
325,16.29,62.66820195,Assessment
326,16.29,63.0496457,Assessment
327,16.16,64.0952509,Assessment
328,16.1,63.86306306,Assessment
329,16.16,64.01944444,Assessment
330,16.03,64.30874887,Assessment
331,16.03,64.32139619,Assessment
332,16.03,64.30856754,Assessment
333,16.03,64.78286491,Assessment
334,15.97,65.35893345,Assessment
335,15.97,64.99521422,Assessment
336,15.97,65.37967183,Assessment
337,16.03,64.54102448,Assessment
338,16.03,64.58925657,Assessment
339,16.03,64.49392566,Assessment
340,16.1,63.86279279,Assessment
341,16.1,64.47738739,Assessment
342,16.1,64.16463964,Assessment
343,16.1,64.36824324,Assessment
344,16.1,64.10941441,Assessment
345,16.62,71.08067986,Assessment
346,15.06,77.74865805,Noise
347,15.58,73.24328922,Noise
348,14.54,73.36430818,Noise
349,14.6,69.13520833,Assessment
350,15.06,69.30457256,Assessment
351,15.19,67.58464181,Assessment
352,15.38,67.15852601,Assessment
353,15.38,67.97398844,Assessment
354,15.51,67.22478592,Assessment
355,15.51,67.8811608,Assessment
356,15.45,67.37980861,Assessment
357,15.64,66.3781015,Assessment
358,15.58,66.83572779,Assessment
359,15.64,66.55986842,Assessment
360,15.64,66.78261278,Assessment
361,15.71,65.34505135,Assessment
362,12.65,71.96836601,Assessment
363,12.26,79.19910468,Noise
364,11.74,76.30541543,Normal
365,11.67,73.24947526,Normal
366,11.8,67.33058824,Normal
367,11.8,73.38036765,Normal
368,11.8,74.06875,Normal
369,11.87,73.93071325,Normal
370,11.87,73.65225619,Normal
371,11.87,73.86535662,Normal
372,11.87,73.41113537,Normal
373,11.87,73.74199418,Normal
374,11.87,73.49221252,Normal
375,11.87,73.22816594,Normal
376,11.87,73.78951965,Normal
377,11.87,73.07510917,Normal
378,11.93,73.01262626,Normal
379,11.93,72.97417027,Normal
380,11.93,72.99733045,Normal
381,11.93,72.97092352,Normal
382,11.93,72.51637807,Normal
383,12,71.78442857,Normal
384,11.93,72.48015873,Normal
385,11.93,71.96933622,Normal
386,11.93,72.66558442,Normal
387,12,71.38928571,Normal
388,11.93,72.72243867,Normal
389,11.93,72.49401154,Normal
390,11.93,72.32958153,Normal
391,11.93,72.63989899,Normal
392,11.87,72.87896652,Normal
393,11.87,72.86746725,Normal
394,11.87,73.18224163,Normal
395,11.87,73.06637555,Normal
396,11.87,73.14548763,Normal
397,11.87,72.65050946,Normal
398,11.87,73.07088792,Normal
399,11.93,72.48333333,Normal
400,11.93,72.27900433,Normal
401,11.87,73.17583697,Normal
402,11.93,72.48838384,Normal
403,12,71.68771429,Normal
404,11.93,72.69365079,Normal
405,12,71.70671429,Normal
406,12,72.09485714,Normal
407,12,71.50678571,Normal
408,12.13,70.54347826,Normal
409,12.06,71.34603399,Normal
410,12.06,70.86048159,Normal
411,12.06,71.1157932,Normal
412,12.13,69.67040673,Normal
413,12.19,69.7201669,Normal
414,12.19,69.89700974,Normal
415,12.19,69.74095967,Normal
416,12.19,70.26105702,Normal
417,12.19,69.96425591,Normal
418,12.19,70.05465925,Normal
419,12.13,70.59179523,Normal
420,12.06,70.50750708,Normal
421,12.06,71.04327195,Normal
422,12.13,70.92152875,Normal
423,12.06,71.4638102,Normal
424,12.13,70.97608696,Normal
425,12.06,71.16466006,Normal
426,12.06,71.74610482,Normal
427,12.06,71.47011331,Normal
428,12.06,71.29348442,Normal
429,12.06,71.62450425,Normal
430,12.06,71.15637394,Normal
431,12.06,71.40531161,Normal
432,12.13,70.90785414,Normal
433,12.06,71.01211048,Normal
434,12.06,71.13002833,Normal
435,12.06,71.29695467,Normal
436,12.06,71.58732295,Normal
437,12.06,71.66161473,Normal
438,12.06,71.46062323,Normal
439,12.13,70.9628331,Normal
440,12.06,71.37903683,Normal
441,12.06,71.48080737,Normal
442,12.13,70.77671809,Normal
443,12.13,70.97173913,Normal
444,12.13,70.65596073,Normal
445,12.13,70.66093969,Normal
446,12.13,70.46949509,Normal
447,12.13,70.99516129,Normal
448,12.13,70.47755961,Normal
449,12.19,70.21307371,Normal
450,12.06,70.99475921,Normal
451,12.06,71.36083569,Normal
452,12.06,71.21961756,Normal
453,12.06,71.12776204,Normal
454,12.13,70.44095372,Normal
455,12.06,71.08279037,Normal
456,12.06,71.20864023,Normal
457,12.13,70.40792426,Normal
458,12.13,70.34130435,Normal
459,12.19,70.01919332,Normal
460,12.13,70.63541374,Normal
461,12.13,70.76171108,Normal
462,12.19,70.51891516,Normal
463,12.13,70.82152875,Normal
464,12.19,69.8674548,Normal
465,12.19,70.1205146,Normal
466,12.19,70.06223922,Normal
467,12.19,70.28400556,Normal
468,12.19,70.01057024,Normal
469,12.19,69.93741307,Normal
470,12.19,69.8286509,Normal
471,12.19,70.03783032,Normal
472,12.19,70.30090403,Normal
473,12.19,70.02044506,Normal
474,12.26,69.39848485,Normal
475,12.19,70.21126565,Normal
476,12.19,70.05312935,Normal
477,12.19,70.15076495,Normal
478,12.19,69.89652295,Normal
479,12.26,69.33863636,Normal
480,12.26,69.45220386,Normal
481,12.19,69.84513213,Normal
482,12.26,69.73436639,Normal
483,12.19,69.96126565,Normal
484,12.26,68.93636364,Normal
485,12.19,70.12607789,Normal
486,12.19,69.55584145,Normal
487,12.26,69.34077135,Normal
488,12.26,69.16549587,Normal
489,12.26,69.74614325,Normal
490,12.19,70.14673157,Normal
491,12.19,70.15869263,Normal
492,12.19,70.85034771,Normal
493,12.19,70.0794854,Normal
494,12.19,70.10535466,Normal
495,12.19,70.15104312,Normal
496,12.19,70.01251739,Normal
497,12.19,70.33685675,Normal
498,12.19,70.2267733,Normal
499,12.19,69.77621697,Normal
500,12.26,69.75640496,Normal
501,12.26,69.45213499,Normal
502,12.26,69.57865014,Normal
503,12.19,70.16536857,Normal
504,12.26,69.41466942,Normal
505,12.26,69.6065427,Normal
506,12.19,69.9689847,Normal
507,12.26,69.31039945,Normal
508,12.19,69.76154381,Normal
509,12.26,69.4130854,Normal
510,12.26,69.55523416,Normal
511,12.26,69.04855372,Normal
512,12.26,69.22727273,Normal
513,12.19,69.95716273,Normal
514,12.26,69.1203168,Normal
515,12.26,69.29490358,Normal
516,12.32,68.28811475,Normal
517,12.32,68.83278689,Normal
518,12.26,69.31597796,Normal
519,12.26,69.11907713,Normal
520,12.26,69.40089532,Normal
521,12.26,68.97038567,Normal
522,12.26,69.11921488,Normal
523,12.32,68.62472678,Normal
524,12.32,68.58954918,Normal
525,12.32,68.53094262,Normal
526,12.32,68.38811475,Normal
527,12.39,67.17550744,Normal
528,12.39,67.87889039,Normal
529,12.45,67.25033557,Normal
530,12.45,67.97912752,Normal
531,12.32,69.99419399,Normal
532,12.13,70.73870968,Normal
533,12.13,70.75792426,Normal
534,12.19,70.35396384,Normal
535,12.19,70.36641168,Normal
536,12.19,69.88018081,Normal
537,12.19,69.77273992,Normal
538,12.19,69.47447844,Normal
539,12.26,69.86501377,Normal
540,12.26,69.934573,Normal
541,12.19,70.0786509,Normal
542,12.19,69.92913769,Normal
543,6.92,-55.96640625,Bronch
544,12.97,62.00138018,Bronch
545,12.84,53.90440051,Bronch
546,10.96,19.58221477,Bronch
547,11.8,48.85375,Bronch
548,13.04,48.06840796,Bronch
549,11.48,58.11010802,Bronch
550,11.87,60.34483261,Bronch
551,12.26,58.58085399,Bronch
552,12.91,46.4153603,Bronch
553,12.52,54.21781915,Bronch
554,12.91,43.50126422,Bronch
555,10.89,50.77139219,Bronch
556,12.65,30.56326797,Bronch
557,12.45,38.74275168,Bronch
558,9.92,52.4370935,Bronch
559,12.13,54.35659187,Bronch
560,12.78,42.60526992,Bronch
561,10.31,35.17156309,Bronch
562,11.02,12.79684385,Bronch
563,11.74,26.17329377,Bronch
564,10.83,26.70480274,Bronch
565,12.26,57.56563361,Bronch
566,10.96,-0.636241611,Bronch
567,5.88,-160.98125,Bronch
568,11.67,70.18605697,Normal
569,11.8,70.76580882,Normal
570,11.87,71.67147016,Normal
571,11.87,72.39104803,Normal
572,13.63,69.20422943,Recruitment
573,15.71,69.07436975,Recruitment
574,17.73,68.82470542,Recruitment
575,19.48,68.44029696,Recruitment
576,19.35,60.2871777,InPause
577,18.83,78.0483731,Recruitment
578,18.7,77.47930657,Recruitment
579,18.57,68.7742815,InPause
580,16.23,86.98227961,Recruitment
581,14.34,91.94352248,Recruitment
582,12.58,97.64795515,Recruitment
583,10.7,104.3942105,Recruitment
584,10.11,102.1659491,Normal
585,10.18,99.60694981,Normal
586,10.24,97.36326336,Normal
587,10.24,96.90811069,Normal
588,10.31,95.85951036,Normal
589,10.37,94.00158287,Normal
590,10.37,94.82327747,Normal
591,10.44,93.33860294,Normal
592,10.44,92.83602941,Normal
593,10.44,93.80983456,Normal
594,10.5,91.76190909,Normal
595,10.57,91.0029623,Normal
596,10.57,91.10260323,Normal
597,10.57,90.69631957,Normal
598,10.57,91.16256732,Normal
599,10.63,89.54920071,Normal
600,10.63,90.34715808,Normal
601,10.63,90.02566607,Normal
602,10.63,89.68357016,Normal
603,10.63,90.00559503,Normal
604,10.63,89.90026643,Normal
605,10.63,90.20008881,Normal
606,10.7,89.07973684,Normal
607,10.7,88.24877193,Normal
608,10.7,88.83236842,Normal
609,10.7,88.74175439,Normal
610,10.7,88.88192982,Normal
611,10.7,88.63359649,Normal
612,10.7,88.3554386,Normal
613,10.7,88.78078947,Normal
614,10.7,88.61263158,Normal
615,10.7,88.72877193,Normal
616,10.76,87.86814236,Normal
617,10.76,87.33836806,Normal
618,10.76,88.01440972,Normal
619,10.76,87.19366319,Normal
620,10.83,85.9619211,Normal
621,10.83,86.52572899,Normal
622,10.83,86.46955403,Normal
623,10.83,86.60480274,Normal
624,10.83,86.56157804,Normal
625,10.89,85.54363328,Normal
626,10.89,85.71816638,Normal
627,10.89,85.86035654,Normal
628,10.89,86.07470289,Normal
629,10.89,85.76027165,Normal
630,10.89,85.56341256,Normal
631,10.89,86.15865874,Normal
632,10.89,85.44643463,Normal
633,10.89,85.85127334,Normal
634,10.89,85.72674024,Normal
635,10.89,85.6836163,Normal
636,10.89,86.08760611,Normal
637,10.89,85.4729202,Normal
638,10.89,85.8860781,Normal
639,10.89,85.62699491,Normal
640,10.89,85.59991511,Normal
641,10.96,84.59261745,Normal
642,10.89,85.47962649,Normal
643,10.89,85.5696944,Normal
644,10.96,84.49983221,Normal
645,10.96,84.4841443,Normal
646,10.96,84.89387584,Normal
647,10.96,84.39345638,Normal
648,10.96,84.70411074,Normal
649,10.96,84.7625,Normal
650,10.96,84.48397651,Normal
651,10.96,84.81098993,Normal
652,10.96,84.68817114,Normal
653,10.96,84.75612416,Normal
654,10.96,84.74026846,Normal
655,10.96,84.63313758,Normal
656,10.96,85.14530201,Normal
657,10.96,84.44144295,Normal
658,10.96,84.9204698,Normal
659,10.96,84.65931208,Normal
660,10.96,84.51375839,Normal
661,10.96,85.13364094,Normal
662,10.96,84.58020134,Normal
663,10.96,84.84194631,Normal
664,10.96,84.91686242,Normal
665,10.96,84.4715604,Normal
666,10.96,84.91510067,Normal
667,10.96,84.68330537,Normal
668,10.96,84.79337248,Normal
669,10.96,84.50587248,Normal
670,10.96,85.15469799,Normal
671,10.96,85.64563758,Normal
672,10.96,84.70637584,Normal
673,11.02,84.37234219,Normal
674,10.96,85.16048658,Normal
675,11.02,83.9717608,Normal
676,11.02,84.17126246,Normal
677,11.02,83.81901993,Normal
678,11.02,83.88230897,Normal
679,11.02,84.23637874,Normal
680,11.02,83.45523256,Normal
681,11.02,83.93696013,Normal
682,10.96,84.64840604,Normal
683,11.02,83.60996678,Normal
684,11.02,71.66129568,Assessment
685,14.47,68.6095037,Assessment
686,14.73,71.8803186,Assessment
687,14.67,72.90537746,Assessment
688,14.73,73.13705036,Assessment
689,14.8,71.6294898,Assessment
690,14.86,69.9653144,Assessment
691,14.93,68.50130916,Assessment
692,14.99,67.61851852,Assessment
693,15.06,68.54249503,Assessment
694,15.12,67.8909585,Assessment
695,15.19,67.76992149,Assessment
696,15.19,68.4451423,Assessment
697,15.25,67.48658537,Assessment
698,15.32,68.14907946,Assessment
699,15.32,67.87853682,Assessment
700,15.32,68.41550388,Assessment
701,15.38,67.50953757,Assessment
702,15.45,67.63358852,Assessment
703,15.38,68.18689788,Assessment
704,15.51,67.03244529,Assessment
705,15.51,67.72906755,Assessment
706,15.51,67.14410086,Assessment
707,15.58,67.03544423,Assessment
708,15.51,67.55299715,Assessment
709,15.51,67.89838249,Assessment
710,15.58,67.1258034,Assessment
711,15.58,66.943431,Assessment
712,15.64,66.61809211,Assessment
713,15.64,66.3612312,Assessment
714,15.71,66.85396825,Assessment
715,15.64,67.32340226,Assessment
716,15.64,61.89356203,InPause
717,16.23,67.25747996,Assessment
718,15.51,67.90823026,Assessment
719,15.45,67.99066986,Assessment
720,15.51,68.01194101,Assessment
721,15.51,67.30447193,Assessment
722,15.58,67.3807656,Assessment
723,15.58,67.44749527,Assessment
724,15.51,67.53829686,Assessment
725,15.58,67.48388469,Assessment
726,15.58,67.05439509,Assessment
727,15.64,67.42368421,Assessment
728,15.58,67.45845936,Assessment
729,15.64,67.08604323,Assessment
730,15.58,67.59985822,Assessment
731,15.64,66.93942669,Assessment
732,15.71,67.28800187,Assessment
733,15.64,66.61015038,Assessment
734,15.51,68.59733587,Assessment
735,15.51,68.14381541,Assessment
736,15.45,67.92296651,Assessment
737,15.51,68.70304472,Assessment
738,15.45,68.1561244,Assessment
739,15.51,68.0141294,Assessment
740,15.51,67.86137012,Assessment
741,15.51,68.03230257,Assessment
742,15.58,67.55023629,Assessment
743,15.51,67.63610847,Assessment
744,15.51,67.86003806,Assessment
745,15.51,67.51646051,Assessment
746,15.51,67.89286394,Assessment
747,15.45,67.44617225,Assessment
748,15.45,67.34980861,Assessment
749,15.45,67.73818182,Assessment
750,15.45,67.19837321,Assessment
751,15.45,68.11440191,Assessment
752,15.38,67.7088632,Assessment
753,15.45,67.85267943,Assessment
754,15.45,67.42186603,Assessment
755,15.45,67.84392344,Assessment
756,15.45,68.09966507,Assessment
757,15.45,67.25177033,Assessment
758,15.45,68.1191866,Assessment
759,15.38,67.83583815,Assessment
760,15.38,67.16902697,Assessment
761,15.19,68.49872424,Assessment
762,15.19,67.90201178,Assessment
763,15.32,71.22286822,Assessment
764,15.25,68.34653659,Assessment
765,15.45,66.3538756,Assessment
766,15.58,65.71672968,Assessment
767,15.9,68.89302752,Assessment
768,15.77,63.5775766,Assessment
769,15.84,64.89732472,Assessment
770,15.58,67.16814745,Assessment
771,15.51,66.41298763,Assessment
772,15.32,68.62950581,Assessment
773,15.32,67.85208333,Assessment
774,15.32,70.72514535,Assessment
775,15.97,65.2597083,Assessment
776,15.9,66.15715596,Assessment
777,15.9,65.19114679,Assessment
778,15.38,65.89633911,Assessment
779,15.58,66.24002836,Assessment
780,15.32,68.02877907,Assessment
781,15.51,67.20437678,Assessment
782,16.03,64.75036265,Assessment
783,15.58,66.99144612,Assessment
784,15.64,67.15441729,Assessment
785,15.25,71.91234146,Assessment
786,15.45,66.24248804,Assessment
787,15.51,67.68596575,Assessment
788,15.51,65.05799239,Assessment
789,15.58,65.78780718,Assessment
790,15.51,65.923549,Assessment
791,15.12,69.10158103,Assessment
792,15.19,68.57257115,Assessment
793,15.25,73.09297561,Assessment
794,15.84,65.64695572,Assessment
795,15.77,64.6178273,Assessment
796,15.51,63.71860133,Assessment
797,15.06,68.44796223,Assessment
798,15.19,68.4126104,Assessment
799,15.19,68.68954858,Assessment
800,16.03,76.18957389,Assessment
801,14.93,74.30891239,Noise
802,13.89,79.99111361,Noise
803,14.86,69.31485801,Noise
804,15.06,67.50859841,Noise
805,14.67,71.34234747,Assessment
806,14.93,70.91747231,Assessment
807,14.93,70.08172205,Assessment
808,14.99,70.34479479,Assessment
809,14.93,70.14728097,Assessment
810,15.06,70.3889165,Assessment
811,14.99,70.29814815,Assessment
812,14.99,70.17792793,Assessment
813,14.99,70.0991992,Assessment
814,14.99,69.99459459,Assessment
815,15.06,69.70919483,Assessment
816,15.06,69.3472167,Assessment
817,15.12,69.55242095,Assessment
818,14.99,69.7527027,Assessment
819,15.06,69.59557654,Assessment
820,15.06,69.87286282,Assessment
821,15.06,69.394334,Assessment
822,15.06,70.05323062,Assessment
823,15.06,69.21192843,Assessment
824,15.12,69.86077075,Assessment
825,15.12,69.84244071,Assessment
826,15.06,70.05412525,Assessment
827,14.99,70.76956957,Assessment
828,14.93,70.24456193,Assessment
829,14.99,70.65995996,Assessment
830,14.99,70.22522523,Assessment
831,14.99,70.21891892,Assessment
832,15.06,70.00422465,Assessment
833,15.06,69.68285288,Assessment
834,15.06,70.15959245,Assessment
835,14.93,70.32185297,Assessment
836,15.06,69.91496024,Assessment
837,14.99,69.81191191,Assessment
838,15.06,69.81153082,Assessment
839,15.06,69.90049702,Assessment
840,14.99,69.77427427,Assessment
841,15.12,69.96625494,Assessment
842,15.06,69.44975149,Assessment
843,15.12,69.256917,Assessment
844,15.06,69.4334493,Assessment
845,15.06,69.37067594,Assessment
846,15.12,69.54387352,Assessment
847,15.06,69.3862326,Assessment
848,15.12,69.69772727,Assessment
849,15.06,69.13836978,Assessment
850,15.12,69.64995059,Assessment
851,15.12,69.08507905,Assessment
852,15.12,68.74846838,Assessment
853,15.12,69.39486166,Assessment
854,15.12,68.6,Assessment
855,15.19,69.01344455,Assessment
856,15.12,68.82208498,Assessment
857,15.12,69.30281621,Assessment
858,15.12,69.29263834,Assessment
859,15.12,68.87455534,Assessment
860,15.12,69.73695652,Assessment
861,15.06,69.26963221,Assessment
862,15.12,69.57742095,Assessment
863,15.12,68.98829051,Assessment
864,15.12,69.00494071,Assessment
865,15.12,69.37554348,Assessment
866,15.12,68.60286561,Assessment
867,15.19,68.94646712,Assessment
868,15.12,68.98379447,Assessment
869,15.12,69.36867589,Assessment
870,15.12,69.39683794,Assessment
871,15.12,68.67495059,Assessment
872,15.12,69.17445652,Assessment
873,15.06,68.59796223,Assessment
874,15.12,69.16333992,Assessment
875,15.06,68.99900596,Assessment
876,15.19,68.58233562,Assessment
877,15.12,68.81284585,Assessment
878,15.12,68.45301383,Assessment
879,15.12,69.20889328,Assessment
880,15.12,68.28463439,Assessment
881,15.25,68.31117073,Assessment
882,15.12,68.48078063,Assessment
883,15.19,68.4314524,Assessment
884,15.12,68.78567194,Assessment
885,15.12,68.57475296,Assessment
886,15.19,68.6829735,Assessment
887,15.19,67.78984298,Assessment
888,15.19,68.53513248,Assessment
889,15.19,68.33469087,Assessment
890,15.25,67.8477561,Assessment
891,15.19,68.38258096,Assessment
892,15.19,67.77845927,Assessment
893,15.25,68.29234146,Assessment
894,15.19,67.53611384,Assessment
895,15.32,67.38270349,Assessment
896,15.25,67.1362439,Assessment
897,15.38,66.17485549,Assessment
898,15.45,67.42497608,Assessment
899,15.38,66.87312139,Assessment
900,15.45,66.98019139,Assessment
901,15.25,67.36521951,Assessment
902,15.38,66.89431599,Assessment
903,15.38,66.85842967,Assessment
904,15.32,66.96560078,Assessment
905,15.38,67.34701349,Assessment
906,15.32,66.8753876,Assessment
907,15.38,67.45154143,Assessment
908,15.32,67.24152132,Assessment
909,15.32,67.3686531,Assessment
910,15.38,67.40920039,Assessment
911,15.32,66.8246124,Assessment
912,15.38,67.37374759,Assessment
913,15.32,66.78352713,Assessment
914,15.38,67.13121387,Assessment
915,15.32,67.33023256,Assessment
916,15.32,67.17887597,Assessment
917,15.32,67.49612403,Assessment
918,15.32,66.81046512,Assessment
919,15.32,70.96763566,Noise
920,11.61,82.56066566,Normal
921,11.15,77.83276423,Normal
922,11.15,76.54292683,Normal
923,11.15,71.50097561,Normal
924,11.22,76.01245981,Normal
925,11.28,75.97460191,Normal
926,11.28,76.55684713,Normal
927,11.28,76.10843949,Normal
928,11.28,76.58638535,Normal
929,11.28,76.44530255,Normal
930,11.28,76.72874204,Normal
931,11.28,76.09633758,Normal
932,11.28,76.12181529,Normal
933,11.28,76.81122611,Normal
934,11.28,76.4625,Normal
935,11.35,75.7688189,Normal
936,11.28,76.73829618,Normal
937,11.22,77.05715434,Normal
938,11.28,76.93933121,Normal
939,11.28,76.48065287,Normal
940,11.28,76.60262739,Normal
941,11.28,76.61433121,Normal
942,11.28,76.35828025,Normal
943,11.28,76.89538217,Normal
944,11.22,77.11800643,Normal
945,11.28,76.81815287,Normal
946,11.28,76.6522293,Normal
947,11.28,76.14920382,Normal
948,11.28,76.6330414,Normal
949,11.22,77.3272508,Normal
950,11.22,76.91446945,Normal
951,11.22,77.30940514,Normal
952,11.22,77.0744373,Normal
953,11.22,77.68231511,Normal
954,11.22,77.30747588,Normal
955,11.28,76.32882166,Normal
956,11.22,77.23376206,Normal
957,11.22,77.06752412,Normal
958,11.22,77.39799035,Normal
959,11.22,76.96454984,Normal
960,11.22,77.4221865,Normal
961,11.22,77.3516881,Normal
962,11.22,76.95385852,Normal
963,11.22,77.68906752,Normal
964,11.22,77.21680064,Normal
965,11.22,77.28874598,Normal
966,11.22,77.28440514,Normal
967,11.22,76.94244373,Normal
968,11.22,77.66993569,Normal
969,11.28,76.36520701,Normal
970,11.28,76.26178344,Normal
971,11.28,76.20947452,Normal
972,11.28,76.52754777,Normal
973,11.28,76.70541401,Normal
974,11.22,77.31093248,Normal
975,11.28,76.61186306,Normal
976,11.28,76.59171975,Normal
977,11.28,76.05270701,Normal
978,11.28,76.87659236,Normal
979,11.28,76.68734076,Normal
980,11.28,76.66178344,Normal
981,11.28,76.81982484,Normal
982,11.22,77.6159164,Normal
983,11.28,76.94928344,Normal
984,11.22,77.34654341,Normal
985,11.22,77.38609325,Normal
986,11.28,76.61003185,Normal
987,11.28,76.56600318,Normal
988,11.28,76.92786624,Normal
989,11.28,76.42388535,Normal
990,11.28,76.55047771,Normal
991,11.28,77.03328025,Normal
992,11.28,76.70047771,Normal
993,11.28,77.00995223,Normal
994,11.28,76.50246815,Normal
995,11.28,76.58041401,Normal
996,11.28,76.62133758,Normal
997,11.28,76.5986465,Normal
998,8.29,24.06276596,Noise
999,11.54,67.21681957,Normal
1000,11.74,70.4022997,Normal
1001,11.02,46.80016611,Bronch
1002,10.76,35.59036458,Bronch
1003,12.13,52.85666199,Bronch
1004,11.28,56.10955414,Bronch
1005,10.7,51.42131579,Bronch
1006,11.09,42.22183908,Bronch
1007,9.26,-4.885446009,Bronch
1008,8.35,46.29656716,Bronch
1009,6.46,-108.2020548,Bronch
1010,12,58.47242857,Bronch
1011,11.87,55.11331878,Bronch
1012,11.15,49.17943089,Bronch
1013,9.98,39.2375502,Bronch
1014,11.28,50.34275478,Bronch
1015,7.9,48.12362069,Bronch
1016,11.67,31.62916042,Bronch
1017,10.44,46.62683824,Bronch
1018,10.37,30.91806331,Bronch
1019,6.2,-49.22291667,Noise
1020,8.22,53.70559006,Bronch
1021,10.57,78.76436266,Bronch
1022,10.76,80.41605903,Normal
1023,10.83,80.83259005,Normal
1024,10.83,80.55445969,Normal
1025,12.45,78.09973154,Recruitment
1026,12.45,80.85697987,Recruitment
1027,12.52,80.42333777,Recruitment
1028,14.67,78.12073423,Recruitment
1029,16.29,78.26182462,Recruitment
1030,17.53,77.6122905,Recruitment
1031,17.6,61.96087302,InPause
1032,17.27,86.5097392,Recruitment
1033,17.01,69.91840133,InPause
1034,16.95,87.9367364,Recruitment
1035,13.37,99.06905615,Recruitment
1036,10.76,108.7488715,Recruitment
1037,9.52,111.7964602,Normal
1038,9.52,108.7070796,Normal
1039,9.52,107.1073009,Normal
1040,9.59,105.5638344,Normal
1041,9.59,105.287037,Normal
1042,9.65,103.5778495,Normal
1043,9.65,103.8002151,Normal
1044,9.65,102.8456989,Normal
1045,9.65,104.0544086,Normal
1046,9.65,102.9802151,Normal
1047,9.72,101.6386653,Normal
1048,9.72,101.7867585,Normal
1049,9.72,100.9318856,Normal
1050,9.72,101.4797669,Normal
1051,9.78,100.3903766,Normal
1052,9.72,101.4084746,Normal
1053,9.78,100.2694561,Normal
1054,9.78,99.73043933,Normal
1055,9.85,98.51835052,Normal
1056,9.85,98.68927835,Normal
1057,9.85,98.59969072,Normal
1058,9.85,99.16020619,Normal
1059,9.85,98.33268041,Normal
1060,9.85,98.48762887,Normal
1061,9.85,98.86969072,Normal
1062,9.85,98.13061856,Normal
1063,9.85,98.93896907,Normal
1064,9.92,96.37804878,Normal
1065,9.85,98.44525773,Normal
1066,9.85,98.92721649,Normal
1067,9.92,96.5648374,Normal
1068,9.85,98.43546392,Normal
1069,9.92,96.58394309,Normal
1070,9.92,97.1370935,Normal
1071,9.92,97.28343496,Normal
1072,9.92,96.82601626,Normal
1073,9.92,97.69552846,Normal
1074,9.92,96.64014228,Normal
1075,9.98,95.92319277,Normal
1076,9.92,97.20914634,Normal
1077,9.92,96.98495935,Normal
1078,9.92,97.31402439,Normal
1079,9.92,96.64695122,Normal
1080,9.92,96.99827236,Normal
1081,9.98,96.52951807,Normal
1082,9.98,95.4876506,Normal
1083,9.98,96.35722892,Normal
1084,9.98,95.58182731,Normal
1085,9.98,95.92921687,Normal
1086,9.98,95.71837349,Normal
1087,10.05,93.89029703,Normal
1088,10.05,94.64861386,Normal
1089,10.05,94.15237624,Normal
1090,10.05,94.59940594,Normal
1091,10.05,94.6829703,Normal
1092,10.05,93.95841584,Normal
1093,10.05,94.50108911,Normal
1094,10.05,94.75970297,Normal
1095,10.05,94.58930693,Normal
1096,10.05,94.73227723,Normal
1097,10.05,94.30910891,Normal
1098,10.05,95.13168317,Normal
1099,10.05,94.27524752,Normal
1100,10.05,94.37277228,Normal
1101,10.05,94.89821782,Normal
1102,10.05,94.67861386,Normal
1103,10.05,95.00336634,Normal
1104,10.05,94.78722772,Normal
1105,10.05,94.46257426,Normal
1106,10.11,93.36252446,Normal
1107,10.11,93.00215264,Normal
1108,10.05,94.34693069,Normal
1109,10.05,94.11574257,Normal
1110,10.05,94.52712871,Normal
1111,10.11,93.14589041,Normal
1112,10.11,92.78307241,Normal
1113,10.11,93.47661448,Normal
1114,10.11,92.90127202,Normal
1115,10.05,94.11445545,Normal
1116,10.11,93.55176125,Normal
1117,10.11,93.06722114,Normal
1118,10.11,93.69354207,Normal
1119,10.11,93.09305284,Normal
1120,10.11,93.40763209,Normal
1121,10.11,93.38463796,Normal
1122,10.11,93.04569472,Normal
1123,10.11,93.40215264,Normal
1124,10.11,93.17407045,Normal
1125,10.11,93.05870841,Normal
1126,10.11,93.3944227,Normal
1127,10.11,92.61007828,Normal
1128,10.11,93.62729941,Normal
1129,10.11,92.9553816,Normal
1130,10.11,92.92328767,Normal
1131,10.11,93.14716243,Normal
1132,10.11,92.91634051,Normal
1133,10.18,92.32866795,Normal
1134,10.11,93.52260274,Normal
1135,10.11,93.01790607,Normal
1136,10.11,93.45039139,Normal
1137,10.11,92.95136986,Normal
1138,10.11,93.52886497,Normal
1139,10.18,91.7969112,Normal
1140,10.18,91.69208494,Normal
1141,10.18,92.47171815,Normal
1142,10.11,92.83424658,Normal
1143,10.18,92.04160232,Normal
1144,10.11,92.69823875,Normal
1145,10.11,93.10900196,Normal
1146,10.11,93.45068493,Normal
1147,10.18,91.30704633,Normal
1148,10.24,91.73396947,Normal
1149,10.18,92.19449807,Normal
1150,10.24,90.89188931,Normal
1151,10.24,91.66269084,Normal
1152,10.24,90.65715649,Normal
1153,10.24,91.75916031,Normal
1154,10.24,90.96622137,Normal
1155,10.31,89.84096045,Normal
1156,10.31,89.82881356,Normal
1157,10.31,89.40442561,Normal
1158,10.31,89.92655367,Normal
1159,10.24,90.72290076,Normal
1160,10.24,90.4865458,Normal
1161,10.24,91.01116412,Normal
1162,10.24,90.4653626,Normal
1163,10.31,89.84435028,Normal
1164,10.31,89.75451977,Normal
1165,10.18,90.10501931,Normal
1166,10.24,90.32719466,Normal
1167,10.31,79.29444444,Assessment
1168,13.56,76.2421729,Assessment
1169,13.82,73.44240363,Assessment
1170,13.95,73.62234637,Assessment
1171,13.95,72.88614525,Assessment
1172,14.15,73.56338798,Assessment
1173,14.08,72.644163,Assessment
1174,14.15,73.66551913,Assessment
1175,14.21,72.82790445,Assessment
1176,14.28,72.76363147,Assessment
1177,14.28,73.3153556,Assessment
1178,14.28,72.51427802,Assessment
1179,14.47,72.64192186,Assessment
1180,14.41,71.99373007,Assessment
1181,14.47,72.69540655,Assessment
1182,14.47,72.36330517,Assessment
1183,14.54,71.36205451,Assessment
1184,14.6,71.84015625,Assessment
1185,14.54,71.17872117,Assessment
1186,14.6,71.6915625,Assessment
1187,14.6,71.09552083,Assessment
1188,14.67,70.88536711,Assessment
1189,14.73,70.84779034,Assessment
1190,14.67,70.45992761,Assessment
1191,14.73,71.27199383,Assessment
1192,14.67,70.54513961,Assessment
1193,14.8,70.41102041,Assessment
1194,14.73,64.21253854,InPause
1195,15.12,70.3381917,Assessment
1196,14.73,69.67754368,Assessment
1197,14.8,70.22311224,Assessment
1198,14.8,63.2377551,InPause
1199,15.12,69.39347826,Assessment
1200,14.86,70.18732252,Assessment
1201,14.8,69.7844898,Assessment
1202,14.86,70.09923935,Assessment
1203,14.86,69.50522312,Assessment
1204,14.86,69.56435091,Assessment
1205,14.93,69.72885196,Assessment
1206,14.86,68.95704868,Assessment
1207,14.93,69.49974824,Assessment
1208,14.86,68.9836714,Assessment
1209,14.93,69.59501511,Assessment
1210,14.86,69.73250507,Assessment
1211,14.93,68.91545821,Assessment
1212,14.93,69.7121853,Assessment
1213,14.86,69.28793103,Assessment
1214,15.06,68.34522863,Assessment
1215,15.12,67.73903162,Assessment
1216,15.06,68.17902584,Assessment
1217,14.99,68.80555556,Assessment
1218,14.99,68.44724725,Assessment
1219,15.06,68.65959245,Assessment
1220,15.06,67.93111332,Assessment
1221,15.12,68.17623518,Assessment
1222,14.99,68.33233233,Assessment
1223,15.12,68.01106719,Assessment
1224,15.06,68.1917992,Assessment
1225,15.12,67.74836957,Assessment
1226,15.12,68.2708498,Assessment
1227,15.06,67.78280318,Assessment
1228,15.12,68.17173913,Assessment
1229,15.06,68.48369781,Assessment
1230,15.12,67.38557312,Assessment
1231,15.12,68.30281621,Assessment
1232,15.06,67.46471173,Assessment
1233,15.12,68.35958498,Assessment
1234,15.06,67.44831014,Assessment
1235,15.12,67.59209486,Assessment
1236,15.12,67.99328063,Assessment
1237,15.06,67.46272366,Assessment
1238,15.12,70.02277668,Assessment
1239,15.38,67.75814066,Assessment
1240,14.93,67.98383686,Assessment
1241,14.99,68.02247247,Assessment
1242,15.19,69.21447498,Assessment
1243,15.38,68.60958574,Assessment
1244,15.32,68.22751938,Assessment
1245,15.38,68.78179191,Assessment
1246,15.25,69.07756098,Assessment
1247,15.32,69.08934109,Assessment
1248,15.32,68.47214147,Assessment
1249,15.45,69.59813397,Assessment
1250,15.38,67.92427746,Assessment
1251,15.38,67.37654143,Assessment
1252,15.45,67.52617225,Assessment
1253,15.38,67.10828516,Assessment
1254,15.32,67.24084302,Assessment
1255,15.12,68.80800395,Assessment
1256,15.06,68.24005964,Assessment
1257,15.12,69.26477273,Assessment
1258,15.19,68.84327772,Assessment
1259,15.19,67.49489696,Assessment
1260,15.12,68.05869565,Assessment
1261,15.12,71.45573123,Assessment
1262,15.38,67.4911368,Assessment
1263,14.93,69.72547835,Assessment
1264,14.86,68.838286,Assessment
1265,15.38,65.49132948,Assessment
1266,15.45,64.96033493,Assessment
1267,14.93,72.85699899,Assessment
1268,14.99,67.24624625,Assessment
1269,15.25,67.17107317,Assessment
1270,14.93,68.2541289,Assessment
1271,15.06,67.88836978,Assessment
1272,15.06,67.66242545,Assessment
1273,15.12,67.77939723,Assessment
1274,16.1,65.27004505,Assessment
1275,15.45,64.78990431,Assessment
1276,15.45,65.70315789,Assessment
1277,15.45,64.80344498,Assessment
1278,14.47,69.26378036,Assessment
1279,14.93,68.18952669,Assessment
1280,14.99,73.78778779,Assessment
1281,15.58,67.33620038,Assessment
1282,15.64,63.14219925,Assessment
1283,15.51,64.64343482,Assessment
1284,14.34,68.59427195,Assessment
1285,14.99,68.06736737,Assessment
1286,15.06,68.21998012,Assessment
1287,14.99,68.75575576,Assessment
1288,15.06,68.72877734,Assessment
1289,15.06,67.85079523,Assessment
1290,15.06,70.30670974,Assessment
1291,15.25,69.4404878,Assessment
1292,15.32,68.92422481,Assessment
1293,15.32,67.4504845,Assessment
1294,15.45,65.78842105,Assessment
1295,15.64,65.69901316,Assessment
1296,15.38,64.54821773,Assessment
1297,15.12,68.20311265,Assessment
1298,15.25,66.73946341,Assessment
1299,15.12,67.51452569,Assessment
1300,15.12,68.05247036,Assessment
1301,15.12,67.78433794,Assessment
1302,15.12,68.42322134,Assessment
1303,15.06,67.68369781,Assessment
1304,15.19,67.7390579,Assessment
1305,15.19,67.52752699,Assessment
1306,15.06,67.52251491,Assessment
1307,15.19,67.98665358,Assessment
1308,15.06,67.71466203,Assessment
1309,15.64,70.72608083,Assessment
1310,15.19,67.78900883,Assessment
1311,15.38,65.59373796,Assessment
1312,16.29,67.09220549,Assessment
1313,14.86,66.47576065,Assessment
1314,14.99,72.49179179,Assessment
1315,15.38,69.4756262,Assessment
1316,14.8,67.04122449,Assessment
1317,15.25,66.38312195,Assessment
1318,15.38,65.71382466,Assessment
1319,15.45,66.12985646,Assessment
1320,15.45,2.153349282,Deflation
1321,27.82,1.897962314,Deflation
1322,4.45,2.483636364,Deflation
1323,4.77,20,Deflation
1324,4.32,15.25514706,Deflation
1325,3.34,9.411746988,Deflation
1326,4.64,33.90972222,Deflation
1327,4.84,32.171875,Deflation
1328,4.71,3.724137931,Deflation
1329,4.9,122.705,Deflation
1330,4.77,1.35,Deflation
1331,5.23,-24.64565217,Deflation
1332,5.03,-29.93333333,Deflation
1333,4.77,1.763043478,Deflation
1334,4.77,1.541304348,Deflation
1335,11.48,-25.67677469,Assessment
1336,13.69,46.40235903,Assessment
1337,15.77,53.34243268,Assessment
1338,16.29,57.32533215,Assessment
1339,16.36,59.66602113,Assessment
1340,16.29,60.96031887,Assessment
1341,16.43,62.02099738,Assessment
1342,16.23,62.43615316,Assessment
1343,16.16,63.28212366,Assessment
1344,16.29,63.36913198,Assessment
1345,16.16,63.31509857,Assessment
1346,16.03,63.91110607,Assessment
1347,16.29,62.97085917,Assessment
1348,16.03,64.04029918,Assessment
1349,16.23,63.28045414,Assessment
1350,16.16,65.3702509,Assessment
1351,15.84,66.49298893,Assessment
1352,15.77,66.08324048,Assessment
1353,15.77,66.27302693,Assessment
1354,15.77,66.28844011,Assessment
1355,15.77,66.11522748,Assessment
1356,15.84,66.02873616,Assessment
1357,15.77,66.17516249,Assessment
1358,15.84,66.32546125,Assessment
1359,15.77,66.03370474,Assessment
1360,15.84,66.14349631,Assessment
1361,15.9,65.35761468,Assessment
1362,15.84,65.6722786,Assessment
1363,15.9,65.80399083,Assessment
1364,15.71,65.63300654,Assessment
1365,15.77,72.44057567,Recruitment
1366,16.88,68.55353535,Recruitment
1367,19.55,66.95199313,Recruitment
1368,19.48,60.97707182,InPause
1369,19.09,76.47001419,Recruitment
1370,15.71,83.7557423,Recruitment
1371,13.24,90.85904126,Recruitment
1372,10.31,102.7094162,Recruitment
1373,10.31,97.75847458,Normal
1374,10.37,95.84636872,Normal
1375,10.44,93.76277574,Normal
1376,10.5,93.19709091,Normal
1377,10.5,92.18881818,Normal
1378,10.57,90.6510772,Normal
1379,10.57,91.30305206,Normal
1380,10.63,89.22602131,Normal
1381,10.7,89.35947368,Normal
1382,10.63,90.23063943,Normal
1383,10.63,89.9,Normal
1384,10.63,90.33943162,Normal
1385,10.63,89.34591474,Normal
1386,10.63,90.64982238,Normal
1387,10.63,89.83552398,Normal
1388,10.7,88.92157895,Normal
1389,10.63,89.47415631,Normal